ID,Title,Location,Salary,Summary
/rc/clk?jk=bf7a27a8af945789&fccid=55bdd8211be46c4f&vjs=3,IT 경력직원,서울 마포구,,"경험자 Bancs 프레임워크 개발 및 운영 경험자 Oracle, C, Java, xFrame 등 구현 가능자 [우대사항] 계정계, 정보계 은행 업무... 통신·모바일·게임>응용프로그래머> JAVA|인터넷·IT·통신·모바일·게임..."
/rc/clk?jk=ef62b0e22d2dd6a2&fccid=601de6e8c2eec868&vjs=3,[kt ds]2021년 각 부문별 경력사원 수시,서울 서초구,,"경험(*일부 경험자 지원 가능) SW개발 시스템개발_운영 JAVA( JAVA, Javascript, Java Spring, Spring boot F/W... 통신·모바일·게임>응용프로그래머> JAVA|인터넷·IT·통신·모바일·게임..."
/rc/clk?jk=f1fc695167c108d4&fccid=3aa51df856a158df&vjs=3,2021년 (주)인사이트컨설팅 미국 대학 입시 담당자 추가 (아카데믹 / 에세이 카운슬러),서울 강남구,,"관련 프로젝트 경험자 - 사업기획서 작성 가능자 - 제안서 작성 능숙자 [응용 프로그래밍] - C, C++, JAVA, 임베디드 개발 유경험자 - .NET 프레임워크에 대한 기반 지식 보유자 - 네트워크 프로그래밍에 대한..."
/rc/clk?jk=cf718ea49aff0864&fccid=d610d33377d81ef6&vjs=3,2021 정규직 (일반행정),서울 동작구,,"우대조건 : 1) 전산개발관련 근무 경력자 2) JAVA, JSP, DB(ORACLE, MS-SQL 등) 개발자 3) CISA 등 정보보안자격증 취득자 4) JAVA/ORACLE 관련 자격증 소지자 모집부문 인원 지원자격..."
/rc/clk?jk=1e7b499bcc3674f7&fccid=2c3128606fb9f48f&vjs=3,JAVA Web 개발 및 운영,서울 영등포구,"연봉 26,000,000원 - 28,000,000원",정보처리기사 (주)엔클랩 JAVA Web 개발 및 운영 모집부문 및 자격요건 담당업무 자격요건 인원 [담당업무] JAVA Web 개발 및 운영[근무부서... 웹프로그래머>웹개발|인터넷·IT·통신·모바일·게임>웹프로그래머> JAVA
/rc/clk?jk=23093011c255e1e0&fccid=666c34e118a5be0a&vjs=3,"JAVA, 웹프로그램 개발/유지보수 신입 및 경력자",서울 마포구,,"어공학, 정보·통신공학 (주)아이모션 JAVA, 웹프로그램 개발/유지보수 신입 및 경력자 모집 모집부문 및 자격요건 담당업무 자격요건 인원 [담당업무]웹메일 시스템 기능 개발/수정( Java/Spring/Jsp/Js/MySQL..."
/rc/clk?jk=b4733932c53e0e86&fccid=ce2f0f28b40a5be8&vjs=3,각 부문별,서울 중구,,인터넷·IT·통신·모바일·게임>응용프로그래머>인공지능(AI)|인터넷·IT·통신·모바일·게임>응용프로그래머> JAVA|인터넷·IT·통신·모바일·게임>응용프로그래머>C·C++|인터넷·IT·통신·모바일·게임>응용프로그래머>iOS...
/rc/clk?jk=151dcd5d5616376b&fccid=4cd52101eb6fcec1&vjs=3,오진상사 2021년 하반기 수시,서울 서대문구,,그래머>JSP|인터넷·IT·통신·모바일·게임>웹프로그래머>PHP |인터넷·IT·통신·모바일·게임>웹프로그래머> JAVA|인터넷·IT·통신·모바일·게임>웹프로그래머>EJB|인터넷·IT·통신·모바일·게임>웹프로그래머>.NET|인터...
/rc/clk?jk=06c1f2f58eb1946a&fccid=be07031893b2c6d7&vjs=3,[교보생명] FY2021 하반기 교보생명 신입사원,서울,,"과제 수행 경험 우대 자료구조, 클라우드, 알고리즘, OS/DB에 대한 지식을 보유한 자 또는 Python/ JAVA/SQL 등 데이터 언어 처리 경험자 우대 * 채용직무에 대한 세부사항은 당사 채용홈페이지의 직무기술서를 통해..."
/rc/clk?jk=38c2f6fc1eaab420&fccid=d2a2cb2dc4e9a38f&vjs=3,[공채] 2021년 하반기 신입공채,서울 서초구,,인터넷·IT·통신·모바일·게임>응용프로그래머>클라우드|인터넷·IT·통신·모바일·게임>응용프로그래머> JAVA|인터넷·IT·통신·모바일·게임>응용프로그래머>Python|인터넷·IT·통신·모바일·게임>ERP·시스템분석·설계>AWS...
/rc/clk?jk=6beffabdfd61b581&fccid=aeb4896d309452eb&vjs=3,[정규직] 2021년 상반기 경력직 (java 개발 부문),서울,,JAVA|인터넷·IT·통신·모바일·게임>웹프로그래머>JSP|인터넷·IT·통신·모바일·게임>웹프로그래머>백엔드|인터넷·IT·통신·모바일·게임>웹프로그래머>MiPlatform|인터넷·IT·통신·모바일·게임>응용프로그래머> JAVA...
/rc/clk?jk=2e9c2183b685b3ed&fccid=cc7a807cadbb245d&vjs=3,[장대장부동산그룹] 2021년 하반기 공개,서울 서초구,"연봉 30,000,000원 - 40,000,000원",인사·총무·사무>비서·안내>비서|경영·인사·총무·사무>비서·안내>리셉션|인터넷·IT·통신·모바일·게임>웹프로그래머>웹개발|인터넷·IT·통신·모바일·게임>웹프로그래머> JAVA|무역·영업·판매·매장관리>일반·법인영업>법인영업
/rc/clk?jk=3ff7db7cc99892ef&fccid=02a80576c6578913&vjs=3,"[서울본사] JAVA, JSP 신입 개발자",서울 영등포구,"연봉 25,000,000원 - 30,000,000원","주)엠씨에스텍 JAVA, JSP 신입 개발자 채용 모집부문 및 자격요건 담당업무 자격요건 인원 [담당업무]소프트웨어 개발 및 운영( JAVA, JSP... 기술: JAVA개발, 웹개발( JAVA), Java, JSP 개발, Java..."
/rc/clk?jk=9f325a4f9b013d16&fccid=5b69e4d21319d044&vjs=3,2021년 IT개발자 경력직,서울 강남구,,채용직무 모집직무고용 형태모집인원시스템개발/관리정규직0명 인터넷·IT·통신·모바일·게임>응용프로그래머> JAVA|인터넷·IT·통신·모바일·게임>데이터베이스·DBA>Oracle DB|인터넷·IT·통신·모바일·게임>ERP·시스템분...
/rc/clk?jk=8d1251ded9913bab&fccid=bd0dc1817223394f&vjs=3,금융분야 IT운영 경력사원 채용,서울,,"스템 연동 각 채널 업무 기타 수명 업무 [자격요건] 웹 어플리케이션 개발 경력 2년 이상 언어 : java(중 이상) / javascript : json , jquery ( 경험자 ) DB : Oracle(중 이상..."
/rc/clk?jk=12b4d6143bbcc270&fccid=ccf21378fb26c6ad&vjs=3,"SI/SM 신입 웹개발자(JAVA,JSP)",서울 구로구,,래머> JAVA|인터넷·IT·통신·모바일·게임>웹프로그래머>JSP|인터넷·IT·통신·모바일·게임>웹프로그래머>웹개발|인터넷·IT·통신·모바일·게임>웹프로그래머>AJAX|인터넷·IT·통신·모바일·게임>응용프로그래머> JAVA|인터...
/rc/clk?jk=8116202603f0e884&fccid=dd616958bd9ddc12&vjs=3,2021년 하반기 기술지원/개발인력/기술영업/구매자재 부문,안양 동안구,,C++/Linux/Android/ Java ApplicationC/C++ 및... 인터넷·IT·통신·모바일·게임>응용프로그래머> JAVA|인터넷·IT·통신·모바일·게임>웹프로그래머> JAVA|인터넷·IT·통신·모바일·게임>통신·모바일...
/rc/clk?jk=023bbfdf240bb60c&fccid=022ee9667d5dccc4&vjs=3,AI 물류로봇 전문가 양성 아카데미 교육생,서울,,ASP|인터넷·IT·통신·모바일·게임>웹프로그래머> JAVA|인터넷·IT·통신·모바일·게임>응용프로그래머>C·C++|인터넷·IT·통신·모바일·게임>응용프로그래머> JAVA|인터넷·IT·통신·모바일·게임>응용프로그래머>Visual...
/rc/clk?jk=ed1b63b24e3c5cb5&fccid=eec1bb2c6d275cef&vjs=3,"응용프로그램 개발 (C#, JAVA) (신입/경력)",서울,,"영어가능자, 해외근무 가능자, 지방근무 가능자 인터넷·IT·통신·모바일·게임>응용프로그래머>C#|인터넷·IT·통신·모바일·게임>응용프로그래머> JAVA"
/rc/clk?jk=995f1b9e0e5f1b97&fccid=28712efe9a7c8d8a&vjs=3,"Student Training in Engineering Program, 2021",서울 강남구,,"Computer Science or a related field.Programming experience in Java, Python, C... C++.Available... 12 week internship..."
/rc/clk?jk=2c42ae1bf5c715db&fccid=ccf21378fb26c6ad&vjs=3,Oracle/Java·JSP/Ajax/Java 신입,서울 구로구,,래머> JAVA|인터넷·IT·통신·모바일·게임>웹프로그래머>JSP|인터넷·IT·통신·모바일·게임>웹프로그래머>웹개발|인터넷·IT·통신·모바일·게임>웹프로그래머>AJAX|인터넷·IT·통신·모바일·게임>응용프로그래머> JAVA|인터...
/rc/clk?jk=e1170b278a89e303&fccid=91fbcac3f5127d8f&vjs=3,[의료기기/상장사] 제이시스메디칼 2021년 각 부문별 상시,서울 금천구,,게임>웹프로그래머>PHP |인터넷·IT·통신·모바일·게임>웹프로그래머> JAVA|인터넷·IT·통신·모바일·게임>웹프로그래머>EJB|인터넷·IT·통신... 통신·모바일·게임>응용프로그래머> JAVA|인터넷·IT·통신·모바일·게임...
/rc/clk?jk=c5c6ebe82bf299da&fccid=aec542d0c217b21d&vjs=3,[전액무료] IT취업 JAVA기반 프론트엔드&백엔드 개발 국비교육생,서울 종로구,,훈련과정 현업에 바로 적용 가능한 JAVA기반 프론트엔드&백엔드 개발 훈련... 용프로그래머>자바스크립트|인터넷·IT·통신·모바일·게임>응용프로그래머> JAVA|인터넷·IT·통신·모바일·게임>시스템프로그래머>사물인터넷(IoT) 개발...
/rc/clk?jk=6af8c6b42a463647&fccid=ab75d6d62613a7ab&vjs=3,인천스마트시티(주) 2021년 제6차 (정규직/계약직),인천 연수구,,유의사항 입사지원서 및 제출서류에 허위사실이 있을 경우 채용이 취소될 수 있습니다. 인터넷·IT·통신·모바일·게임>응용프로그래머> JAVA|경영·인사·총무·사무>일반사무·사무지원>경영지원|재무·회계·경리>세무·회계>재무회계
/rc/clk?jk=af55755a9f91d76e&fccid=15514d7acbf2be9b&vjs=3,"JSP, JAVA 외 신입/경력 정규직",서울 강남구,,"주식회사 로얼라이언스 JSP, JAVA 외 신입/경력 정규직 채용 모집부문... 바일·게임>웹프로그래머>JSP|인터넷·IT·통신·모바일·게임>웹프로그래머> JAVA|인터넷·IT·통신·모바일·게임>웹프로그래머>웹개발|인터넷·IT·통신..."
/rc/clk?jk=90358291bdc2ffe2&fccid=666c34e118a5be0a&vjs=3,"JAVA, 웹프로그램 솔루션 구축/개발 경력자",서울 마포구,,"경험자, JAVA/Spring프로젝트 경험자, 전공 : 전산학·컴퓨터공학, 응용소프트웨어공학, 정보·통신공학 우대 (주)아이모션 JAVA, 웹프로그램... 그래머> JAVA|인터넷·IT·통신·모바일·게임>응용프로그래머> JAVA|인터..."
/rc/clk?jk=29e80c7685907ed5&fccid=80082be209837ea9&vjs=3,"프론트엔드, 백엔드, Java·JSP 신입,경력사원",서울 강서구,,"end 개발자 ※필수 - Java, Springboot, Spring... 에 대한 기본지식 보유 [경력] Back-end 개발자 ※필수 - Java, Springboot, Spring-framework 이용 개발가능..."
/rc/clk?jk=e73edbbd1c473956&fccid=d577e7515229d46f&vjs=3,"JAVA, MS-SQL 신입/경력 정규직",서울 구로구,,및 제출서류에 허위사실이 있을 경우 채용이 취소될 수 있습니다. 인터넷·IT·통신·모바일·게임>웹프로그래머> JAVA|인터넷·IT·통신·모바일·게임>웹프로그래머>JSP|인터넷·IT·통신·모바일·게임>웹프로그래머>AJAX|인터넷...
/rc/clk?jk=e7cff4e141001fee&fccid=4129ca25d8c13bc9&vjs=3,2021년 하반기 개발자 공채,서울 성북구,,통신·모바일·게임>응용프로그래머> JAVA|인터넷·IT·통신·모바일·게임... 게임>웹프로그래머>PHP |인터넷·IT·통신·모바일·게임>웹프로그래머> JAVA|인터넷·IT·통신·모바일·게임>웹프로그래머>EJB|인터넷·IT·통신...
/rc/clk?jk=5e54a9c8b67ed0e7&fccid=a9c42bd06915d0aa&vjs=3,가톨릭대학교 신입직원(일반직/기술직/무기계약직) 채용 모집공고,대한민국,,"포토샵, 일러스트, HTML 등 가능자 기술직 전산개발 명 <지원자격> - 웹 개발 2년 이상 - JAVA Spring(Boot) framework 사용 가능자 - DBMS(MSSQL,MySQL,Oracle) 사용..."
/rc/clk?jk=d9f96555110e48ff&fccid=7e1aad773319e23a&vjs=3,2021년 하반기 직무별,서울 강남구,,로그래머>PHP |인터넷·IT·통신·모바일·게임>웹프로그래머>백엔드|인터넷·IT·통신·모바일·게임>웹프로그래머> JAVA|인터넷·IT·통신·모바일·게임>웹기획·웹마케팅·PM>웹기획|인터넷·IT·통신·모바일·게임>웹기획·웹마케팅...
/rc/clk?jk=0ff7495b8c922e30&fccid=a3d3d50732b81afe&vjs=3,국내캐피탈사 IT 인력,서울 강남구,,"채용 : 0 명- 금융회사에서 리테일 금융 여신 개발 경력 5년 이상- Java, Oracle 및 Spring FrameWork 기반 개발 가능자... 경력직 리더 채용 : 0 명- Java 및 Spring FrameWork..."
/rc/clk?jk=baaf0e63cf5a77d6&fccid=54cdbbc080574e3e&vjs=3,JAVA 개발자 신입/경력 정규직,서울 강서구,,"(주)데이터누리 JAVA 개발자 신입/경력 정규직 채용 자격요건 및 우대사항 자격요건 우대사항 인원 [자격요건] ﻿ 경력사항: 신입, 경력(1년 이상 3년 이하)학력사항: 대학(2,3년)졸업 JAVA 어플리케이션 개발 가능..."
/rc/clk?jk=e96963ac948517d7&fccid=3061a9a0f5168def&vjs=3,[KSTEC] 통계/Analytics 신입 및 경력사원,성남 분당구,,"1. 데이터 과학 & AI기반 지능화 (의사결정 자동화) 시스템 개발 (SPSS, SAS, R, Python, Java 기반)2. 기업용 데이터과학 & 인공지능 플랫폼 솔루션3. 고급 예측분석 및 빅데이터솔루션 - 이상 탐지..."
/rc/clk?jk=6f147c0de58f9717&fccid=b373898724fe92a4&vjs=3,Java 개발자 정규직 채용,서울 역삼동,,업종 SI/ERP/CRM 자본금 5억 기업형태 벤처기업 매출현황 50억 대표자 이준호 사원수 100명 회사주소 서울특별시 강남구 역삼동 642-3 석암빌딩 7층
/rc/clk?jk=077b84ed0ece6fe1&fccid=bd0dc1817223394f&vjs=3,공사관리 시스템(Java) 개발/운영 경력사원 채용,서울,,Java) 개발 및 운영 [업무내용] 건설 계열사 공사 관리 시스템 운영 및 개발 수행 업무 프로세스 분석/설계 및 개발 고객사 Business 변경에 대한 시스템 적용사항 제시 및 반영 [자격요건] Java 환경...
/rc/clk?jk=d865bfbc9a2db2ef&fccid=8c6d8426d798a90c&vjs=3,2021년 공개채용,성남 서현동,,"OA 능숙자 정규 (경력) 분당 전산 0명 •프로그램 개발 및 인프라/보안 •프로그램 개발 - JAVA,,JSP 프로그래밍 가능자 -SPRING 프레임웍 환경 개발 경험자 우대 - ORALCE DBMS 사용 가능자..."
/rc/clk?jk=3060bdc3fcaf1a0d&fccid=d1148ae1a9aa5b4d&vjs=3,"Java, Spring 백엔드(Back-End) 개발자",서울 강남구,,전산*컴퓨터공학과 우대 응용소프터웨어학과 우대 수학학과 우대 인터넷·IT·통신·모바일·게임>웹프로그래머>백엔드
/rc/clk?jk=be3d01259dada044&fccid=f0caa53b1c3b7eea&vjs=3,자바(JAVA) 웹개발자,성남 분당구,,"JAVA) 웹개발자 채용 모집부문 및 자격요건 모집부문 담당업무 자격요건 인원 SW개발sw엔지니어웹개발 java [담당업무]자바( JAVA)개발[근무부서... 명 응용 프로그래밍C, C++, JAVA, 임베디드 개발 유경험자 네트워크..."
/rc/clk?jk=7539ad1f11882f6b&fccid=a675abafc13ef3c7&vjs=3,"JAVA, JSP 외 신입/경력 정규직",서울 강동구,,"대학(2,3년)졸업 이상직무기술: Java, JSP 개발[우대사항]우대사항... 채용이 취소될 수 있습니다. 인터넷·IT·통신·모바일·게임>웹프로그래머> JAVA|인터넷·IT·통신·모바일·게임>웹프로그래머>JSP|인터넷·IT·통신..."
/rc/clk?jk=2743535f3f3e3eef&fccid=ea488c1494d140da&vjs=3,(주)엠앤와이즈 JAVA/웹 개발자 (신입/경력),서울 구로구,,"- 정보처리(산업)기사 - JAVA/웹/Spring framework 유경험자... 호회 운영, 야간교통비지급, 연차, 여름휴가 등 인터넷·IT·통신·모바일·게임>웹프로그래머> JAVA|인터넷·IT·통신·모바일·게임>웹프로그래머>웹개발"
/rc/clk?jk=8d3a14e6ac9f2382&fccid=20d3ea0fbb016944&vjs=3,"[파인랩] Java, 리액트, 노드 경력 개발자",서울 강남구,"연봉 60,000,000원 - 70,000,000원",Java / Spring / 전자정부 프레임워크)ㆍ모회사 및 계열사의 IT 운영업무 및 프로젝트 개발 지원 [자격요건]ㆍ프로제트 또는 개발 업무 실경험 5년 이상ㆍ리액트 / 노드 개발 경험 또는 충분한 이해ㆍ Java 개발...
/rc/clk?jk=be95b5718905880f&fccid=6c9206aa5a609175&vjs=3,AI/빅데이터/클라우드 분야 (인재 Pool),서울,,"전공 - 직무경험 1) 퍼블릭 클라우드(AWS, GCP등)의 다양한 솔루션을 활용하여 서비스 개발 경험자 2) Java,Python 등 프로그래밍 개발 경험 보유자 3) Container 기반 서비스 개발 및 운영 경험 보유..."
/rc/clk?jk=37fce16c7bf46817&fccid=460e4124de5319ce&vjs=3,Java 백엔드 개발자(플랫폼 개발),서울,,"환경의 복잡한 기술 문제를 해결 및 운영 효율성 확대 [자격요건] Java(Kotlin) & Spring Framework 기반 웹 서버 개발... 가기 위한 활동 경험 [기술스택] Java, Kotlin, Gradle..."
/rc/clk?jk=034f3898c161cf58&fccid=86898016f7b007c7&vjs=3,백엔드(서버) 개발,서울 성동구,,수 있습니다. 인터넷·IT·통신·모바일·게임>웹프로그래머>웹개발|인터넷·IT·통신·모바일·게임>웹프로그래머> JAVA|인터넷·IT·통신·모바일·게임>웹프로그래머>백엔드|인터넷·IT·통신·모바일·게임>웹프로그래머>프론트엔드|인터...
/rc/clk?jk=5b00210f242c700c&fccid=ac28a927b1e76676&vjs=3,JAVA 백엔드 개발자(웹/앱) -강남/스타트업/쇼핑몰/커머스/인센티브,서울 강남구,"연봉 60,000,000원 - 70,000,000원",서치펌 티에스커리어 JAVA 백엔드 개발자(웹/앱) 채용-강남쇼핑몰/스타트업/인센티브 모집부문 및 자격요건안녕하세요!좋은 스타트업 소개해드리는 티에스... 응용프로그래머>API|인터넷·IT·통신·모바일·게임>응용프로그래머> JAVA
/rc/clk?jk=85262691b0d890fc&fccid=5e875677bd929895&vjs=3,보아스소프트(주) JAVA WEB 개발자,서울 강남구,,보아스소프트주식회사 JAVA Web 개발자(경력) 모집합니다. 보아스소프트... 격요건 담당업무 자격요건 인원 [담당업무]ㆍ시스템 응용 SW 개발 ㆍ JAVA Web 개발ㆍ솔루션 개발ㆍ웹/서버 개발ㆍ서버 통신(JSON API) 경험...
/rc/clk?jk=0b852bb7ed043c19&fccid=c9325000761ee95e&vjs=3,자바 개발자 신입 직원,서울 구로구,,용합니다. 모집부문 및 자격요건 담당업무 자격요건 인원 [담당업무]자바( JAVA) 개발자 프로그램 개발자 / 안드로이드 개발 가능자[근무부서 및 직급... 통신·모바일·게임>응용프로그래머> JAVA|인터넷·IT·통신·모바일·게임...
/rc/clk?jk=8890770de0923b50&fccid=d36b44d619c311c4&vjs=3,백엔드 (Spring) 신입/경력 정규직,서울 금천구,"연봉 30,000,000원 - 35,000,000원","필요합니다./ 경력사항: 신입, 경력(연차무관) / 학력사항: 학력무관[우대사항]우대사항: Spring, JAVA, MySQL, AWS EC2, AWS ELB, AWS RDS 사용 경험이 있으신분2 명근무조건고용형태: 정규직..."
/rc/clk?jk=63c2e3ae9996f19a&fccid=1e837e1047ca5db5&vjs=3,[2021년 대중소기업 상생 일자리 프로그램] LG CNS 사업단 협력사 - 에스큐앤티 주식회사,서울 마포구,,"[웹프로그래밍] - jsp, java, ASP / PHP 개발 능숙자 - HTML, JavaScript, css 능숙자 - MS SQL, Oracle, MySQL 등 DBMS 설계 및 운영 가능자 - 웹, DB서버 구축 및..."
/rc/clk?jk=957b9bde11462dce&fccid=a98a6a353e08553a&vjs=3,"웹개발, JAVA 외 경력 정규직, 계약직",서울 서초구,,(주)오에스씨코리아 Java 개발 & 설계 전문가 채용 모집부문 및 자격요건 담당업무 자격요건 인원 [담당업무] ▣ Java Front-end... 분 > 5년이상의 실무 경험 > Java Front-end or Back...
/rc/clk?jk=48a13fe0ce15797c&fccid=aa8fbabd11df6f2e&vjs=3,[파이낸셜데이타시스템] 2021년 금융솔루션 개발 경력직,서울 영등포구,,이션 개발/운영 경력 3년 이상 - Java 기반의 객체지향 설계 및 개발... 그래머> JAVA|인터넷·IT·통신·모바일·게임>웹프로그래머>HTML·DHTML·mHTML|인터넷·IT·통신·모바일·게임>응용프로그래머> JAVA|인터넷...
/rc/clk?jk=8d3a14e6ac9f2382&fccid=20d3ea0fbb016944&vjs=3,"[파인랩] Java, 리액트, 노드 경력 개발자",서울 강남구,"연봉 60,000,000원 - 70,000,000원",Java / Spring / 전자정부 프레임워크)ㆍ모회사 및 계열사의 IT 운영업무 및 프로젝트 개발 지원 [자격요건]ㆍ프로제트 또는 개발 업무 실경험 5년 이상ㆍ리액트 / 노드 개발 경험 또는 충분한 이해ㆍ Java 개발...
/rc/clk?jk=bee34cb01f4185f4&fccid=eeef143eea27eeae&vjs=3,"JAVA, 웹개발 외 신입 정규직",경기도 의왕,,"Android 주식회사 앱솔 JAVA, 웹개발 외 신입 정규직 채용 모집부... 채용이 취소될 수 있습니다. 인터넷·IT·통신·모바일·게임>웹프로그래머> JAVA|인터넷·IT·통신·모바일·게임>웹프로그래머>웹개발|인터넷·IT·통신..."
/rc/clk?jk=038c468c430dd125&fccid=178fe4580d4196e0&vjs=3,"목동 컴퓨터 학원 코딩 강사 (정규직 및 계약직, 경력무관)",서울 양천구,,"ㆍ알고리즘 가능자(정보올림피아드 대비 수업 가능자(초, 중, 고) ㆍ JAVA, 크롤링, 데이터분석, 인공지능 등 수업 가능자 잼코딩목동캠퍼스 코딩... 대비 수업 가능자(초, 중, 고)ㆍ JAVA, 크롤링, 데이터분석, 인공지능..."
/rc/clk?jk=80c3f56ed1d3715c&fccid=936d7f62c2f79f30&vjs=3,"(서울)JAVA 프로그램머(개발자, 신입/경력)",서울 중구,,통신·모바일·게임>웹프로그래머> JAVA|인터넷·IT·통신·모바일·게임>웹프로그래머>EJB|인터넷·IT·통신·모바일·게임>웹프로그래머>Servlet|인터넷·IT·통신·모바일·게임>응용프로그래머> JAVA|인터넷·IT·통신·모바일...
/rc/clk?jk=26010f70ecd72290&fccid=dd616958bd9ddc12&vjs=3,"JAVA, PHP 신입/경력 정규직",서울 서초구,"연봉 30,000,000원 - 35,000,000원","정규직 채용 모집부문 및 자격요건 담당업무 자격요건 인원 [담당업무]- Java, php, JavaScript로 웹 프론트, 백엔드 비즈니스 로직을... 통신·모바일·게임>웹프로그래머> JAVA|인터넷·IT·통신·모바일·게임>웹프..."
/rc/clk?jk=65d17e4704beb445&fccid=5c3222a7b96c49cc&vjs=3,네트워크 보안 담당자 채용,서울 중학동,,"CISA, 정보보안기사 등 관련 자격증을 보유하신 분 - 포렌식 업무 경험 또는 관련 자격증을 보유하신 분 - Java, Python 등 프로그래밍 언어가 능숙하신 분 근무조건 [근무조건] - 근무형태 : 정규직 - 모집..."
/rc/clk?jk=8e5f8b2ca8ad6a85&fccid=ce1a4d1be11b38aa&vjs=3,[오픈멤버] 백엔드(JAVA) 경력 정규직,서울 강남구,"연봉 45,000,000원 - 65,000,000원",(주)스너그스튜디오 [오픈멤버채용] 백엔드( JAVA) 개발자 모집 (주)스너그스튜디... 있습니다! 많은 지원 부탁드립니다 :D 모집부문 및 자격요건 담당업무 ㆍ JAVA 기반의 웹서비스 개발 및 운영 ㆍAWS 클라우드 기반의 웹서비스 운영...
/rc/clk?jk=d7e69e0f9a80c166&fccid=035430d6724f1865&vjs=3,"(주)엘앰캐드 웹 프로그래머(JAVA, Spring, Javascript) 경력자",서울 강남구,,"PDM 및 PLM 유경험자, ES6 숙련자 우대 인터넷·IT·통신·모바일·게임>웹프로그래머>프론트엔드|인터넷·IT·통신·모바일·게임>게임(Game)>서버·네트워크개발"
/rc/clk?jk=e50b6e7ffbcf42f3&fccid=1a1617dfa07bcdbf&vjs=3,JAVA 프로그래머,서울 영등포구,,개발 및 유지보수 업무를 담당할 JAVA 프로그래머를 모집합니다. 소규모... 게임>웹프로그래머>JSP|인터넷·IT·통신·모바일·게임>응용프로그래머> JAVA|인터넷·IT·통신·모바일·게임>웹프로그래머>PHP |인터넷·IT·통신...
/rc/clk?jk=8cbde5005e548b24&fccid=5f63f5e3dfd5fc9d&vjs=3,"JSP, JAVA 외 신입/경력 정규직",서울,"연봉 25,000,000원 - 30,000,000원","(주)시큐어비즈 JSP, JAVA 외 신입/경력 정규직 채용 모집부문 및... 게임>웹프로그래머>JSP|인터넷·IT·통신·모바일·게임>웹프로그래머> JAVA|인터넷·IT·통신·모바일·게임>웹프로그래머>AJAX|인터넷·IT·통신..."
/rc/clk?jk=46c0b9ef09005700&fccid=54c69bec818b54a0&vjs=3,[2021년 대중소기업 상생 일자리 프로그램] LG CNS 사업단 협력사 - (주)메인정보시스템,서울,,"[웹프로그래밍] - jsp, java, ASP / PHP 개발 능숙자 - HTML, JavaScript, css 능숙자 - MS SQL, Oracle, MySQL 등 DBMS 설계 및 운영 가능자 - 웹, DB서버 구축 및..."
/rc/clk?jk=1d804eb495067654&fccid=a6c173ce7ec0217d&vjs=3,[S/W 개발·운영 신입] 대기업·관공서 JAVA 프로그래머,서울,"연봉 30,000,000원 - 35,000,000원",인터넷·IT·통신·모바일·게임>웹프로그래머> JAVA|인터넷·IT·통신·모바일·게임>웹프로그래머>JSP|인터넷·IT·통신·모바일·게임>응용프로그래머> JAVA|인터넷·IT·통신·모바일·게임>응용프로그래머>Linux|인터넷...
/rc/clk?jk=21206f8e37cff2bd&fccid=b93e91bf85f42e03&vjs=3,"보험x,시험x 정규직 /고정급250만원/업무택1 사무직/전산작업/인바운드 대기업 4대보험가입",경기도 의정부,,28px;} 인터넷·IT·통신·모바일·게임>웹프로그래머>웹개발|인터넷·IT·통신·모바일·게임>웹프로그래머> JAVA|인터넷·IT·통신·모바일·게임>웹프로그래머>PHP |인터넷·IT·통신·모바일·게임>웹프로그래머>JSP|인터넷...
/rc/clk?jk=63c2e3ae9996f19a&fccid=1e837e1047ca5db5&vjs=3,[2021년 대중소기업 상생 일자리 프로그램] LG CNS 사업단 협력사 - 에스큐앤티 주식회사,서울 마포구,,"[웹프로그래밍] - jsp, java, ASP / PHP 개발 능숙자 - HTML, JavaScript, css 능숙자 - MS SQL, Oracle, MySQL 등 DBMS 설계 및 운영 가능자 - 웹, DB서버 구축 및..."
/rc/clk?jk=5114632aeefa2890&fccid=536439100b6ad38a&vjs=3,JAVA 경력 계약직,서울 마포구,,"주식회사 솔리드에잇 JAVA 경력 계약직 채용(4년이상, 상암동 상주) 모집부문 및 자격요건 담당업무 자격요건 인원 [담당업무]상암동 00센터 운영 Java 개발... 이상 )학력사항: 학력무관직무기술: java, Any 프레임워크[우대사항..."
/rc/clk?jk=8890770de0923b50&fccid=d36b44d619c311c4&vjs=3,백엔드 (Spring) 신입/경력 정규직,서울 금천구,"연봉 30,000,000원 - 35,000,000원","필요합니다./ 경력사항: 신입, 경력(연차무관) / 학력사항: 학력무관[우대사항]우대사항: Spring, JAVA, MySQL, AWS EC2, AWS ELB, AWS RDS 사용 경험이 있으신분2 명근무조건고용형태: 정규직..."
/rc/clk?jk=643ef4db65461d01&fccid=54cdbbc080574e3e&vjs=3,"[(주)데이터누리] Java 개발자 신입, 경력",서울 강서구,,"[우대조건] - 신입 Java 개발(App 및 Web App) 가능 Web Front 개발(Javascript, Node.js, Jquery) 가능 - 경력 데이터 이행(ETL/EAI/ESB) 업무 가능자 Java 개발(App 및..."
/rc/clk?jk=336a3445095f309f&fccid=2e5600f7c6335536&vjs=3,"웹개발, JAVA 신입/경력 정규직",수원 영통구,,"6 [젯스퍼트(주)] 웹개발, JAVA 신입/경력 정규직 채용젯스퍼트는... 과장 [자격요건]경력사항: 신입, 경력(연차무관)학력사항: 학력무관ㆍ Java 기반 웹사이트 및 백앤드 서버 개발 능력ㆍ신입지원은 자신이 사용할수 있는..."
/rc/clk?jk=8cf369139ae8dda3&fccid=d1f7ff2eaddf1ba5&vjs=3,[3KOneAI] 2021년 개발 직군 신입/경력 공개,서울 강동구,,통신·모바일·게임>웹프로그래머>HTML·DHTML·mHTML|인터넷·IT·통신·모바일·게임>웹프로그래머> JAVA|인터넷·IT·통신·모바일·게임>데이터베이스·DBA>NoSQL|인터넷·IT·통신·모바일·게임>데이터베이스·DBA...
/rc/clk?jk=5eeff8acc6d98a24&fccid=ac28a927b1e76676&vjs=3,웹/앱 JAVA 백엔드 개발자 경력직 - 강남/스타트업/이커머스/인센티브/수평적문화,서울 강남구,"연봉 50,000,000원 - 60,000,000원",서치펌 티에스커리어 웹/앱 JAVA 백엔드 개발자 채용 (강남)이커머스/스타트업/인센티브 모집부문 및 자격요건안녕하세요. 좋은 스타트업 소개해드리는... 웹프로그래머>백엔드|인터넷·IT·통신·모바일·게임>응용프로그래머> JAVA
/rc/clk?jk=99ef401293cdc95c&fccid=c7b4a297de312fb6&vjs=3,"웹개발, JAVA, ANDROID, IOS, NEXACRO, Websquare등 정규직",서울 마포구,,그래머> JAVA|인터넷·IT·통신·모바일·게임>웹프로그래머>AJAX|인터넷·IT·통신·모바일·게임>웹프로그래머>프론트엔드|인터넷·IT·통신·모바일·게임>웹프로그래머>백엔드|인터넷·IT·통신·모바일·게임>응용프로그래머> JAVA...
/rc/clk?jk=cf9356b37197999b&fccid=59060ddcdf96b101&vjs=3,"JAVA, 모바일, 유지보수 정규직 (경력)",서울 영등포구,,"JAVA개발(경력)[예정직급] 경력협의[세부 직무내용]- JAVA 개발... Java 웹 프로그래밍 가능자- Spring(Boot, Batch, Integration) 및 전자정부 프레임워크 가능자(우대사항)- Java 개발..."
/rc/clk?jk=a320f1de4b2555d4&fccid=06f8a9b3dac2a5e3&vjs=3,신사업 경력직 채용[수소],서울 역삼동,,"제적 적용 [자격요건] - Web/App등 Front End 개발 경험 8년 이상 - HTML, CSS 및 Java Script, ECMA 표준 이해 - 모던 프론트엔드 Framework(Vue, React, Angular..."
/rc/clk?jk=ca371460276cf6b3&fccid=4f70baf755dc541f&vjs=3,"웹개발, JAVA 외 신입/경력 정규직",경기도 시흥,"월급 3,000,000원","(주)올체인 웹개발, JAVA 외신입/경력 정규직 채용 모집부문 및 자격요건... 바일·게임>웹프로그래머>웹개발|인터넷·IT·통신·모바일·게임>웹프로그래머> JAVA|인터넷·IT·통신·모바일·게임>웹프로그래머>JSP|인터넷·IT·통신..."
/rc/clk?jk=061ca3c2090fed23&fccid=f580d60a553d03d6&vjs=3,"개발 (Java·JSP, .NET ) 신입/경력 개발자",서울 강남구,,"가온아이 개발 ( Java·JSP, .NET ) 신입/경력 개발자 모집 모집부문 및 자격요건 모집분야 담당업무 자격요건 모집인원 웹개발 ( Java/.Net) 소프트웨어 개발, Java or .Net 프로젝트수행 CS개발/연구개..."
/rc/clk?jk=e8fe40f69a635b59&fccid=842365965c1f45a0&vjs=3,[대형증권사] 파생퀀트,서울 강남구,,술지원>전산직|인터넷·IT·통신·모바일·게임>웹프로그래머>웹개발|인터넷·IT·통신·모바일·게임>웹프로그래머> JAVA|인터넷·IT·통신·모바일·게임>웹프로그래머>프론트엔드|인터넷·IT·통신·모바일·게임>웹프로그래머>Python...
/rc/clk?jk=cdfee6754c545fba&fccid=0caf37b8385060c6&vjs=3,삼성 청년 SW 아카데미 7기,서울 강남구,,통신·모바일·게임>응용프로그래머> JAVA|인터넷·IT·통신·모바일·게임... 바일·게임>웹프로그래머>웹개발|인터넷·IT·통신·모바일·게임>웹프로그래머> JAVA|인터넷·IT·통신·모바일·게임>웹프로그래머>백엔드|인터넷·IT·통신...
/rc/clk?jk=d537b114be8316cd&fccid=61841bcfde23dbc4&vjs=3,"PLM, JAVA 외 경력 정규직",서울 강남구,,제출서류에 허위사실이 있을 경우 채용이 취소될 수 있습니다. 인터넷·IT·통신·모바일·게임>ERP·시스템분석·설계>PLM|인터넷·IT·통신·모바일·게임>응용프로그래머> JAVA|인터넷·IT·통신·모바일·게임>웹프로그래머>웹개발
/rc/clk?jk=3fccb9c2088d43f0&fccid=348bed7dbbafc82f&vjs=3,"[역삼/지로/광화문] Java웹개발자 (Java,Oracle,전자정부프레임워크)",서울 강남구,,인터넷·IT·통신·모바일·게임>응용프로그래머> JAVA|인터넷·IT·통신·모바일·게임>웹프로그래머>웹개발|인터넷·IT·통신·모바일·게임>웹프로그래머>JSP|인터넷·IT·통신·모바일·게임>데이터베이스·DBA>Oracle DB
/rc/clk?jk=312b397fc40be869&fccid=eec1bb2c6d275cef&vjs=3,JAVA (Spring) 경력자,서울,,비에스엔씨(주) JAVA 경력 정규직 채용 모집부문 및 자격요건 담당업무 자격요건 인원 [담당업무] JAVA (Spring) 개발 [자격요건]경력사항... 취소될 수 있습니다. 인터넷·IT·통신·모바일·게임>응용프로그래머> JAVA
/rc/clk?jk=8032f157b08ae869&fccid=dd616958bd9ddc12&vjs=3,교원그룹 2021년 미래혁신인재 대졸공채 신입사원,서울 중구,,바일·게임>웹프로그래머>백엔드|인터넷·IT·통신·모바일·게임>웹프로그래머> JAVA|인터넷·IT·통신·모바일·게임>웹프로그래머>JSP|인터넷·IT·통신... 응용프로그래머>API|인터넷·IT·통신·모바일·게임>응용프로그래머> JAVA
/rc/clk?jk=e18e709e63c081ed&fccid=2f25bb139639ef63&vjs=3,"전액 국비지원 IT취업연계 교육 JAVA웹&앱, 빅데이터, 인공지능",서울 마포구,,중앙정보처리학원 인터넷·IT·통신·모바일·게임>웹프로그래머> JAVA|인터넷·IT·통신·모바일·게임>웹프로그래머>Python|인터넷·IT·통신·모바일·게임>빅데이터·AI(인공지능)>빅데이터|인터넷·IT·통신·모바일·게임>빅데이...
/rc/clk?jk=d3ee60e7fd873c23&fccid=782192a44942cfa2&vjs=3,JAVA 개발자 (프리랜서),서울 서초구,,이즈 모집부문 및 자격요건 모집부문 담당업무 자격요건 인원 웹개발( JAVA) JAVA [담당업무]통신사 시스템 고도화 back-end 개발[근무부서 및... 취소될 수 있습니다. 인터넷·IT·통신·모바일·게임>응용프로그래머> JAVA
/rc/clk?jk=d7bc0bcdb639a7ed&fccid=c9325000761ee95e&vjs=3,자바(JAVA) 개발자 경력직원,서울 구로구,,주)자이네스 자바( JAVA) 개발 경력직원 채용합니다. 모집부문 및 자격요건 담당업무 자격요건 인원 [담당업무]자바( JAVA) 개발[근무부서 및 직급... 통신·모바일·게임>응용프로그래머> JAVA|무역·영업·판매·매장관리>기술영업>소프트웨어
/rc/clk?jk=c08dc8f8aa513592&fccid=1bd2cb6154627fbe&vjs=3,IT 연구소 개발/데이터 분석 인턴 (연계형 인턴십),서울 강남구,,인터넷·IT·통신·모바일·게임>소프트웨어·하드웨어>소프트웨어|인터넷·IT·통신·모바일·게임>웹프로그래머> JAVA|인터넷·IT·통신·모바일·게임>웹프로그래머>웹개발
/rc/clk?jk=02448a70d7549981&fccid=025b54e985b9bf59&vjs=3,"JAVA/ JSP, 웹프로그래밍 개발, SI, SM",서울 구로구,,"담당업무] JAVA/ JSP, 웹프로그래밍 개발, SI, SM[근무부서 및 직급/직책]근무부서: SI사업부직급/직책: 사원 [자격요건]경력사항: 신입, 경력(연차무관)학력사항: 고등학교졸업 이상직무기술: JAVA/ JSP..."
/rc/clk?jk=99f859800504d9a8&fccid=a71819ff34fb2d90&vjs=3,외국계 캐피탈회사 IT개발 및 운영시스템 개발 경력(대리~차장),서울 강남구,"연봉 90,000,000원 - 100,000,000원","금융 여신 개발 경력 5년 이상- Java, Oracle 및 Spring... 채용이 취소될 수 있습니다. 인터넷·IT·통신·모바일·게임>웹프로그래머> JAVA|인터넷·IT·통신·모바일·게임>웹프로그래머>백엔드|인터넷·IT·통신..."
/rc/clk?jk=88a59364cd7a0fa1&fccid=734cb5a01ee60f80&vjs=3,Support Engineer,서울,,"one or more languages or frameworks: Java, Node, Python, PHP and Ruby, .NET Core... NGNIX, Apache, Java, Node, Python, PHP..."
/rc/clk?jk=4958fe7f786a8766&fccid=ba58e168a9ba5352&vjs=3,"[신입/경력] 금융권 솔루션 개발 및 개발자(JAVA, C, DB, ETL, Web)",서울,,"금융권 솔루션 개발 및 개발자( JAVA, C, DB, ETL, Web... 채용이 취소될 수 있습니다. 인터넷·IT·통신·모바일·게임>웹프로그래머> JAVA|인터넷·IT·통신·모바일·게임>웹프로그래머>JSP|인터넷·IT·통신..."
/rc/clk?jk=855544ac5500c847&fccid=59060ddcdf96b101&vjs=3,"[용산구] 공공 프로젝트 JAVA 웹,앱 개발자 (경력)",서울 용산구,"연봉 40,000,000원 - 50,000,000원","사항: 대학교(4년)졸업 이상. 컴퓨터 관련 전공자(우대)[필수경력]- Java, Spring, Mybatis 개발 역량 인터넷·IT·통신·모바일·게임>웹프로그래머>웹개발|인터넷·IT·통신·모바일·게임>응용프로그래머> JAVA"
/rc/clk?jk=f2b1aa19ec45ec4a&fccid=9702ca14c9a11940&vjs=3,"제품 보안 취약점 분석, 모의해킹 Cybersecurity Engineer",서울 서초구,,"코딩룰 (CERT, MISRA 등) 보안 약점/취약점(CWE, CVE, OWASP 등) 이해 - C, C++, Java, Phython 등 경험 3. 우대사항 - 국내외 해킹방어대회(CTF) 입상 경험 - 국내외 취약점 신고..."
/rc/clk?jk=8da4d89d398e25f5&fccid=49ebf1fdc78c1f86&vjs=3,"웹개발, JAVA 외 신입/경력 정규직",서울 금천구,"연봉 25,000,000원 - 30,000,000원","(주)피디시스템 웹개발, JAVA 외 신입/경력 정규직 채용 모집부문 및 자격요건 담당업무 자격요건 인원 [담당업무] JAVA 웹프로그래머근무형태... 통신·모바일·게임>웹프로그래머> JAVA|인터넷·IT·통신·모바일·게임>웹프..."
/rc/clk?jk=88f7e495fab3d571&fccid=fb8a0da8e922ed79&vjs=3,신입 JAVA 웹 프로그래머,성남 분당구,"월급 2,000,000원","직무내용] JAVA. 웹 프로그램, SPRING, HTML5, CSS3, JQUERY, REACT- Nate 폰꾸미기 서비스 운영- TWorld 문자보내기 서비스 운영- JAVA, SPRING 을 이용한 기업 웹 솔루션 개발..."
/rc/clk?jk=ff420b627b150636&fccid=1952f10afcda63a4&vjs=3,JAVA기반 OpenAPI 개발 경력자,서울 종로구,,"JAVA기반 OpenAPI 개발경력자 모집합니다. 모집부문 및 자격요건 담당업무 자격요건 및 상세내용 인원 JAVA기반 OPENAPI 개발 및 DB처리(카드사) 필요스킬 : Java, Query, OpenAPI 개발 경험자자..."
/rc/clk?jk=bb472d9bfe360bdd&fccid=ab9729f091d64075&vjs=3,DX분야(Data Scientist/Data Engineer) 경력사원 (여의도),서울특별시,,"경력사항 (관련 경력 3년 이상) - 오픈소스 활용 실시간/배치 서비스 개발 운영 경험 - Python, Java, Scala 등 하나 이상을 이용한 개발 경험 우대사항 - AWS 등 클라우드 환경에서의 데이터 파이프라인..."
/rc/clk?jk=4ed98b0f07bfe371&fccid=29c6f8f847e1807b&vjs=3,웹개발 프로그래머 신입/경력 계약직,서울 성동구,"월급 2,000,000원",터넷·IT·통신·모바일·게임>웹프로그래머>HTML·DHTML·mHTML|인터넷·IT·통신·모바일·게임>웹프로그래머>JSP|인터넷·IT·통신·모바일·게임>웹프로그래머>PHP |인터넷·IT·통신·모바일·게임>웹프로그래머> JAVA
/rc/clk?jk=0f289ab1fc182b9b&fccid=e401370541cce822&vjs=3,[이포즌]JAVA 신입 프로그래머 (MA 직무),서울 성수동1가,,"투입되어 제조관련 시스템을 개발하거나 운영하는 업무입니다.(SI/SM 프로젝트 직무입니다.) 필요기술 - JAVA, DB - 4년제 학력 또는 정보처리기사 자격 보유 신입사원 입사시 3개월 인턴계약 및 OJT 진행하며..."
/rc/clk?jk=9912c0b420028744&fccid=3f3b5c7b0119014b&vjs=3,관리직 신입사원 공개채용,서울 여의도,,전산 관련 전공 우대 • 우대사항 - MS-SQL 데이터베이스 개발 가능자 - SAP ABAP 개발 경험자 - JAVA 개발 경험자 서울 (여의도) IT 인프라 신입 • 서버 및 네트워크 운영/관리 • 윈도우 서버 및...
/rc/clk?jk=270399835bc05921&fccid=16b4c0cc1c3845a7&vjs=3,주식/파생 콘텐츠기획 기간제 직원 채용,서울 여의도,,설계 및 개발 유경험자 - 해외증권 업무 설계 및 개발 유경험자 KOSMOS NEO 화면 개발 기본 - Java 등 C/S 프로그래밍 유경험자 우대 - 증권 등 금융 관련 업무 경험자 - 웹기반 프로그래밍 관련 유경...
/rc/clk?jk=344abd55430e1b94&fccid=81161b432269b1a6&vjs=3,Java·JSP 정규직 (신입/경력사원),서울 강서구,,"(주)제너지 Java/JSP 정규직 모집 공고(신입/경력사원) 모집부문 및... 거주자, 운전가능자, 해당직무근무경험, 문서작성우수자, 지방근무가능자, java코딩스킬보유자, 프로그래밍장기과정 이수자, 고용지원금대상자, 청년디지털..."
/rc/clk?jk=11d42b6a0ccee939&fccid=166bb0d0efe6da01&vjs=3,JAVA 기반 웹개발자 정규직 .,서울 금천구,"연봉 40,000,000원 - 52,000,000원",경험자 우대 에이머쉬(주) JAVA 기반 웹개발자 정규직 채용 모집... 통신·모바일·게임>웹프로그래머>웹개발|인터넷·IT·통신·모바일·게임>웹프로그래머> JAVA|인터넷·IT·통신·모바일·게임>응용프로그래머> JAVA
/rc/clk?jk=45ea3c08db1f88dc&fccid=629bf66c8ed71fe3&vjs=3,웹개발/웹프로그래머 경력인재 - 중견 식품우량기업,서울,,래머>JSP|인터넷·IT·통신·모바일·게임>웹프로그래머> JAVA|인터넷·IT·통신·모바일·게임>웹프로그래머>ASP|인터넷·IT·통신·모바일·게임>응용프로그래머> JAVA|인터넷·IT·통신·모바일·게임>응용프로그래머>API|인터...
/rc/clk?jk=62e63f7d83e2dd70&fccid=22920c9969d65093&vjs=3,"JAVA, 웹개발 외 경력 정규직, 계약직, 프리랜서",서울 서초구,,인터넷·IT·통신·모바일·게임>웹프로그래머> JAVA|인터넷·IT·통신·모바일·게임>웹프로그래머>웹개발|인터넷·IT·통신·모바일·게임>웹프로그래머>JSP
/rc/clk?jk=2872b8e0cf287732&fccid=31c2ee4372786654&vjs=3,[정규직] JAVA /JSP 신입 개발자 채용,서울 구로동,,근무조건 정규직 급여 회사내규에 따름 주 5일 | 오전 9시~오후 6시 서울 서울전체 지하철 서울2호선 구로디지털단지역 지원자격 신입 학력무관 우대조건 컴퓨터활용 우수자 기업정보 2005년 설립(업력 17년) 사원...
/rc/clk?jk=fd9992bedf79a722&fccid=22edb396197d3b3b&vjs=3,함께 성장할 BackEnd 개발자,서울 강남구,"연봉 35,000,000원 - 60,000,000원",해가 있으신 분5. 협업에 대한 경험과 이해가 있고 오픈 마인드를 가진 분 [우대사항]1. Node.js 혹은 java-spring에 대한 경험이 있으신 분2. mysql에 대한 경험이 있으신 분3. 프로젝트를 완수한 경험이...
/rc/clk?jk=11f4e5048af50bfe&fccid=cee7c8dc36140efd&vjs=3,"JAVA, C언어, 암호화모듈 솔루션 개 개발자 신입 및 경력",서울 구로구,,"(주)이지서티 JAVA, C언어, 암호화모듈 솔루션 개발자 신입 및 경력직 채용공고 모집부문 및 자격요건 담당업무 자격요건 인원 [담당업무] 제품개발, 솔루션 개발(C, JAVA) [근무부서 및 직급/직책] 근무부서: 제품개발..."
/rc/clk?jk=7016342e5eca7353&fccid=d2a38e30284e0b37&vjs=3,유엔이커뮤니케이션즈 JAVA 개발자,서울 성동구,"연봉 25,000,000원","등 구인정보 상세 확인 모집직종 JAVA 프로그래밍 언어 전문가 모집인원... 무장길 인근지하철 직무내용 담당업무 ㆍ JAVA Server 및 Web 개발자 ㆍIoT솔루션 , Java 프로젝트, php 프로젝트, Back-end..."
/rc/clk?jk=7f8d0a370e156239&fccid=e025c1554ab6ac78&vjs=3,"JSP,JAVA WEB 솔루션 개발자 - 경력,신입",서울 금천구,,"2) 유지보수성 업무 지원JSP, JAVA 개발 소프트웨어 개발 / 컴퓨터... 학력사항: 대학(2,3년)졸업 이상직무기술: 웹프로그래밍, JSP, JAVA개발[우대사항]우대사항: 인근거주자, 학점우수자, 석박사 3 명 근무조건..."
/rc/clk?jk=9d65a10cb2c512a5&fccid=2337ac4836ed776c&vjs=3,"2021년 한국통계정보원 SW분야 직원(경력,신입)",대전 서구,,마감일이 상이할 수 경영·인사·총무·사무>경영·기획·전략>사업기획|경영·인사·총무·사무>경영·기획·전략>전략기획|인터넷·IT·통신·모바일·게임>웹프로그래머> JAVA|인터넷·IT·통신·모바일·게임>데이터베이스·DBA>SQL
/rc/clk?jk=2b9e604e63e7e46d&fccid=b1f5de6cae96f6c2&vjs=3,[카카오커머스] 기술직군,성남 분당구,,"감독규정, PCIDSS에 대한 실무 경험이나 이해도가 높으신 분 - JAVA, Python, shell script 등 개발 역량을 갖추신 분... 통신·모바일·게임>웹프로그래머> JAVA|인터넷·IT·통신·모바일·게임>웹프..."
/rc/clk?jk=b527be3d7b9d4120&fccid=6ecf392a15407b3e&vjs=3,CTO 경력사원 (기판/전력전자/렌즈금형/기구/Simulation/AI/차량SW),서울 마곡역,,"및 우대 사항] - 오픈소스 기반 머신러닝/딥러닝 기술 개발 경험자 - 프로그래밍 스킬 보유자(python, java, C/C++, tensorflow, pytorch 등) 차량용 모터제어 Software 개발 - 고객..."
/rc/clk?jk=664adfb63189e24d&fccid=86898016f7b007c7&vjs=3,웹 프론트엔드( React) 개발자,서울 성동구,,수 있습니다. 인터넷·IT·통신·모바일·게임>웹프로그래머>웹개발|인터넷·IT·통신·모바일·게임>웹프로그래머> JAVA|인터넷·IT·통신·모바일·게임>웹프로그래머>백엔드|인터넷·IT·통신·모바일·게임>웹프로그래머>프론트엔드|인터...
/rc/clk?jk=0173e8547d42c81f&fccid=82656d64a9a3e6a7&vjs=3,Developer,서울,,"you may have: Erlang, Java, Python Domain... 지원 가능) 프로그래밍 언어: C, C++(필수) / Erlang, Java, Python(우대) 기술 분야: 라디오 엑세스 네트워크, 5G NR..."
/rc/clk?jk=7015f40fda9627d7&fccid=ebab28bacde5f560&vjs=3,JAVA & 웹 개발자,서울 금천구,,(주)더유니파이 JAVA & 웹 개발자 채용 모집부문 및 자격요건 담당업무자격요건인원 [담당업무] JAVA & Web 개발 [자격요건]* 경력사항... 통신·모바일·게임>웹프로그래머> JAVA|인터넷·IT·통신·모바일·게임>웹프...
/rc/clk?jk=5ac0716db5a9122a&fccid=1952f10afcda63a4&vjs=3,PLM 프로젝트 DBA 및 개발자,서울,,있습니다. 인터넷·IT·통신·모바일·게임>웹프로그래머>웹개발|인터넷·IT·통신·모바일·게임>웹프로그래머> JAVA|인터넷·IT·통신·모바일·게임>ERP·시스템분석·설계>PLM|인터넷·IT·통신·모바일·게임>데이터베이스·DBA...
/rc/clk?jk=205dbe0f377472bb&fccid=ccd6256c9457a01d&vjs=3,[2021년 대중소기업 상생 일자리 프로그램] LG CNS 사업단 협력사 - (주)아이엔에쓰,서울 마포구,,"[웹프로그래밍] - jsp, java, ASP / PHP 개발 능숙자... 게임>웹프로그래머>웹개발|인터넷·IT·통신·모바일·게임>응용프로그래머> JAVA|인터넷·IT·통신·모바일·게임>응용프로그래머>.NET|인터넷·IT·통신..."
/rc/clk?jk=592bae903034f0e7&fccid=9b6890ba3d42b434&vjs=3,"JAVA 경력 계약직, 프리랜서 (한국건설기술연구원 내 근무, 12월까지)",고양 일산서구,,"(주)아이티메이트 JAVA 경력 계약직, 프리랜서 채용(한국건설기술연구원 내 근무, 12월까지) 모집부문 및 자격요건 담당업무 자격요건 인원 [담당업무... 취소될 수 있습니다. 인터넷·IT·통신·모바일·게임>응용프로그래머> JAVA"
/rc/clk?jk=a7ae20a0a76c5485&fccid=4bc1dbcbfb99e073&vjs=3,사내 서비스플랫폼 커스트마이징 Java 웹개발자,경기도 광명,"연봉 36,000,000원 - 42,000,000원",[직무내용] <자격조건>학력무관SPRING기반 JAVA 웹개발 경력 3년이상자<우대사항>인근거주자청년디지털 일자리 사업 가능자 우대 [근무시간 및 형태... 병역특례] - 비희망 인터넷·IT·통신·모바일·게임>응용프로그래머> JAVA
/rc/clk?jk=4f2ba8ac8c4b96a1&fccid=bf6fdd3c040db7c7&vjs=3,인터페이스 개발자 신입 정규직,서울 강남구,,채용기타: 유관 업무 경험자 우대 JAVA 개발 경험자 우대[우대사항]전공계... 느껴지실 수 있습니다. 인터넷·IT·통신·모바일·게임>응용프로그래머> JAVA|인터넷·IT·통신·모바일·게임>응용프로그래머>.NET|인터넷·IT·통신...
/rc/clk?jk=8b2dd1bc4754ea29&fccid=82a04abce1eeaf57&vjs=3,[싸이버원] 직무별 (정보보안/정보보호),서울 서초구,,인터넷·IT·통신·모바일·게임>네트워크·서버·보안>보안컨설팅|무역·영업·판매·매장관리>기술영업>IT서비스·웹사이트구축|인터넷·IT·통신·모바일·게임>웹프로그래머> JAVA|인터넷·IT·통신·모바일·게임>웹프로그래머>프론트엔드
/rc/clk?jk=9614e86e87eeef4e&fccid=c6e8d4e436c9be70&vjs=3,웹서버/프론트엔드 엔지니어 (전문연구요원 가능),서울 강남구,,통신·모바일·게임>웹프로그래머>HTML·DHTML·mHTML|인터넷·IT·통신·모바일·게임>웹프로그래머> JAVA|인터넷·IT·통신·모바일·게임>웹프로그래머>프론트엔드|인터넷·IT·통신·모바일·게임>웹프로그래머>백엔드|인터넷...
/rc/clk?jk=1a2de19285c56d6d&fccid=d29e515875509022&vjs=3,[(주)이에스피시스템즈] Node.js 및 java 개발자,서울 강서구,,"템즈 [상암동] Node.js 및 java 개발자 모십니다 21세기, 세계... 모집분야 및 자격요건 모집분야 담당업무 자격요건 인원 Node.js / java 금융권 결재플랫폼 앱 개발 [자격요건] 학력 : 학력무관 [우대사항..."
/rc/clk?jk=2120aee1f798ec41&fccid=20d3ea0fbb016944&vjs=3,"웹개발, 운영 신입/경력직",서울 강남구,"연봉 28,000,000원 - 60,000,000원","2년 이상) 학력사항: 대학졸업 이상 직무기술: 웹개발 [필수 조건] - JAVA, JSP - Oracle [우대 사항] 보험 및 금융 웹 관련 운영... 웹프로그래머>JSP|인터넷·IT·통신·모바일·게임>웹프로그래머> JAVA"
/rc/clk?jk=5edc3a07ec8e1ed4&fccid=af1182589e05cf0b&vjs=3,"자바스크립트, JAVA 외 경력 계약직",서울 서초구,,모바일·게임>응용프로그래머>자바스크립트|인터넷·IT·통신·모바일·게임>응용프로그래머> JAVA|인터넷·IT·통신·모바일·게임>웹프로그래머> JAVA|인터넷·IT·통신·모바일·게임>웹프로그래머>백엔드|인터넷·IT·통신·모바일·게임...
/rc/clk?jk=67e099104ee65529&fccid=412ff571bced2587&vjs=3,콘텐츠 관리 플랫폼 개발 인턴(체험형),서울,,용자에게도 대용량의 콘텐츠 파일을 빠른 속도로 업/다운로드 할 수 있는 콘텐츠 스토리지 개발 ​ 필요한 역량 - Java & Spring Framework 기반 웹어플리케이션 개발 경험 - Modern Javascript 및...
/rc/clk?jk=aee052f65e4527f2&fccid=7a7c1288722726fd&vjs=3,JAVA개발 신입/경력 정규직,수원 영통구,,소프트 JAVA개발 신입/경력 정규직 채용 모집부문 및 자격요건 모집부문 담당업무 자격요건 인원 JAVA개발 [담당업무] [ Java 기반 솔루션 개발... 터링 솔루션 Backend 개발 - Java 기반의 데이터 정합성 검증 및...
/rc/clk?jk=eebb83734adeac13&fccid=edae4285faf6c2f0&vjs=3,Associate Software Engineer - Java (MBE Global Center),서울,,Coding experience in JAVA Proper English... knowledge in software development for java based program Good to have knowledge...
/rc/clk?jk=f28f73e505349a36&fccid=c526260f0ad562bf&vjs=3,[구로디지털] Coway IoT 운영업무 SM프로젝트 정규직 및 프리랜서 (JAVA 초중급),서울,,인터넷·IT·통신·모바일·게임>웹프로그래머>웹개발|인터넷·IT·통신·모바일·게임>웹프로그래머> JAVA|인터넷·IT·통신·모바일·게임>웹프로그래머>백엔드
/rc/clk?jk=2bf0279c5b4e7d81&fccid=bd0dc1817223394f&vjs=3,ITO/IDC 시스템 운영 경력사원 채용,서울,,"Java기반 시스템 구축 설계(DB설계 포함) 업무 및 유지보수(MES, H-MAP) JAVA기반 업무시스템 유지보수/개발 소규모 Java기반... 자격요건] JAVA 개발 운영 경험(3년 이상) JAVA 시스템 구축..."
/rc/clk?jk=e250f2497e752dcb&fccid=a0f17e923a459e5e&vjs=3,(주)이인벤션 개발사업팀 웹기획자,서울 구로구,,"숙자 [웹프로그래밍] - jsp, java, ASP / PHP 개발 능숙자... 게임>웹프로그래머>PHP |인터넷·IT·통신·모바일·게임>웹프로그래머> JAVA|인터넷·IT·통신·모바일·게임>웹프로그래머>XML|인터넷·IT·통신..."
/rc/clk?jk=f2f01aa47ef8e13c&fccid=4f8894fe45617618&vjs=3,"웹개발, JAVA 경력 정규직, 프리랜서",서울 마포구,,"유관업무 경험자 우대 (주)아이이에이 웹개발, JAVA 경력 정규직, 프리랜서 채용 모집부문 및 자격요건 담당업무 자격요건 인원 [담당업무]모바일가입... 웹프로그래머>웹개발|인터넷·IT·통신·모바일·게임>웹프로그래머> JAVA"
/rc/clk?jk=9fc2762a088d845d&fccid=54911ff2dce6c429&vjs=3,11번가 Machine Learning 및 검색랭킹 개발 분야,서울 강남구,,"서의 개발 경험 (2년이상)우대 사항Deep learning대용량 데이터 처리 관련 기반 지식Python, Java 등 ProgrammingLucene / Solr / Elastic Search 관련 지식정보검색에 대한 전반..."
/rc/clk?jk=164bc2fa2e43e913&fccid=d1224297334bfd66&vjs=3,임베디드 개발 신입/경력 인턴 (정규직전환) (병역특례자 우대),서울 금천구,,모바일·게임>시스템프로그래머>임베디드(Embedded)|인터넷·IT·통신·모바일·게임>응용프로그래머>Linux|인터넷·IT·통신·모바일·게임>응용프로그래머>Windows|인터넷·IT·통신·모바일·게임>응용프로그래머> JAVA
/rc/clk?jk=063c109f9283ef14&fccid=10410e0781dffad5&vjs=3,2021 디지털 뉴딜·수출 중소기업 X 청년 일자리 엑스포,대한민국,,Perl|인터넷·IT·통신·모바일·게임>응용프로그래머>C·C++|인터넷·IT·통신·모바일·게임>응용프로그래머> JAVA|인터넷·IT·통신·모바일·게임>응용프로그래머>Android|인터넷·IT·통신·모바일·게임>응용프로그래머...
/rc/clk?jk=db48df2e97cc2d48&fccid=8774314ead916c49&vjs=3,Java개발 및 운영인력 영입,성남 분당구,,연동시스템 개발 및 운영- 업무영역별 지속적인 테스트 및 품 인터넷·IT·통신·모바일·게임>응용프로그래머> JAVA|인터넷·IT·통신·모바일·게임>데이터베이스·DBA>MySQL|인터넷·IT·통신·모바일·게임>데이터베이스·DBA...
/rc/clk?jk=ff374e1985b23553&fccid=23e3afedb35ce1d7&vjs=3,[2021년 대중소기업 상생 일자리 프로그램] 미라콤 사업단 협력사 - (주)나인에스티,서울 구로구,,"[응용 프로그래밍] - C, C++, JAVA, 임베디드 개발 유경험자 - .NET 프레임워크에 대한 기반 지식 보유자 - 네트워크 프로그래밍에 대한... 응용프로그래머>C#|인터넷·IT·통신·모바일·게임>응용프로그래머> JAVA"
/rc/clk?jk=9985f1079eee4218&fccid=dd616958bd9ddc12&vjs=3,JAVA 개발자 경력 정규직,성남 분당구,,(주)아이스크림키즈 JAVA 개발자 경력 정규직 채용 모집부문 및 자격요건 담당업무 자격요건 인원 [담당업무] JAVA 개발 및 SM 운영[근무부서 및... 통신·모바일·게임>웹프로그래머> JAVA|인터넷·IT·통신·모바일·게임>웹프...
/rc/clk?jk=ea6619bc3591c26b&fccid=629bf66c8ed71fe3&vjs=3,[자동차 전장부품 우량대기업] AVN Audio 시스템 SW 개발 경력인재,서울,,인터넷·IT·통신·모바일·게임>응용프로그래머>Android|인터넷·IT·통신·모바일·게임>응용프로그래머> JAVA|전자·기계·기술·화학·연구개발>연구원·연구개발>커넥티드카소프트웨어기술개발|인터넷·IT·통신·모바일·게임>시스템프...
/rc/clk?jk=2854a160b7b03b8a&fccid=59060ddcdf96b101&vjs=3,"[분당] 의료IT기업 웹 프론트엔드 개발자(Java, ASP.NET)",성남 분당구,"연봉 40,000,000원 - 50,000,000원","기업 웹 프론트엔드 개발자( Java, ASP.NET) 모집부문 및 자격요건 담당업무 자격요건 인원 [담당업무]- Java를 이용한 헬스케어 솔루션... 그래머> JAVA|인터넷·IT·통신·모바일·게임>웹프로그래머> JAVA|인터넷..."
/rc/clk?jk=001ac6e3ca49f6b8&fccid=673111b68b0655c4&vjs=3,하반기 대졸 신입사원 모집,서울 수표동,,"영업관리 시스템 운영 및 유지보수 서울 금호석유화학 학사 이공계열 • 우대자격증 : 정보처리기사, Java(OCJP 등) 자격증 • 전산관련학과 우대 생산 공정 운전관리 및 생산관리 공정 효율 향상을 위한..."
/rc/clk?jk=01455f89ee27ebe4&fccid=e1ff2088bfbb9dd6&vjs=3,2021년 (주)퍼브 개발 신입/경력,서울 강서구,,인터넷·IT·통신·모바일·게임>웹프로그래머>웹개발|인터넷·IT·통신·모바일·게임>응용프로그래머> JAVA
/rc/clk?jk=51d1df9a3cfbe418&fccid=35c61db9f1514baf&vjs=3,(주)엘솔루 R&D본부 ASR팀 개발직,서울,,"습득 기회 제공 [필수사항] ㆍ프로그래밍에 재능 및 열정이 있는 자 ㆍ Java, Python 중 하나 이상의 언어사용자 ㆍWeb 개발능력 ㆍ리눅스... 통신·모바일·게임>응용프로그래머> JAVA|인터넷·IT·통신·모바일·게임..."
/rc/clk?jk=c957fbe6eba21f52&fccid=f0a490cfe0e81966&vjs=3,"JAVA, WEB 개발 사원 구인",서울 구로동,,"웹개발 JAVA, WEB 개발 근무지역 서울 학력:대학교(4년... 시스템 통합 자문 및 구축 서비스업 모집요강 JAVA 프로그래밍 언어 전문가 직무내용 JAVA, WEB 개발 * 연봉 경력에 따라 면접 후..."
/rc/clk?jk=0cf3ed52478e8963&fccid=14716fdae512ff77&vjs=3,"JAVA, 백엔드 경력 정규직",서울 영등포구,"연봉 40,000,000원 - 50,000,000원","(주)펫핀스 반려동물을 위한 JAVA, 백엔드 경력직 채용(7년 이상) 모집... 사실이 있을 경우 채용이 취소될 수 있습니다. 인터넷·IT·통신·모바일·게임>응용프로그래머> JAVA|인터넷·IT·통신·모바일·게임>웹프로그래머>백엔드"
/rc/clk?jk=1e85b2d29cd1597a&fccid=314dbe79956fd53e&vjs=3,"녹취솔루션 웹개발(Java·JSP, HTML, .NET, ASP) (정규직)",서울 금천구,,"[필수] Java, Spring, Asp.Net jQuery,CSS,HTML5 MS-SQL, MariaDB, oracle [우대] Bootstrap, Git (주)보이스토어 녹취솔루션 웹개발 ( Java·JSP, HTML..."
/rc/clk?jk=682051c874e4375d&fccid=c3aa6121be03065c&vjs=3,Technical Writer 담당자 영입,성남 분당구,,보기- 카카오페이 문화에 대해 더 알아보기 ◆ 업무내용 인터넷·IT·통신·모바일·게임>웹프로그래머> JAVA|인터넷·IT·통신·모바일·게임>응용프로그래머> JAVA|인터넷·IT·통신·모바일·게임>전산·IT기술지원>IT기술지원
/rc/clk?jk=1783dd4b09dcaa8a&fccid=564e2b5146f6ad2c&vjs=3,"C·C++, JAVA 신입/경력 정규직",서울 금천구,,인터넷·IT·통신·모바일·게임>응용프로그래머>C·C++|인터넷·IT·통신·모바일·게임>응용프로그래머> JAVA
/rc/clk?jk=5ed32569e1b7bcd6&fccid=61230390c8f312f1&vjs=3,"2021년 하반기 PM/PL 및 Web, java 개발자",고양 덕양구,,"직무내용] 프로젝트 PM/PL 가능 경력자WEB, JAVA 개발 경력자급여 면접후 결정 [근무시간 및 형태] 주 5일 근무 9:00~18:00 / 휴게... 근면, 성실한 자 인터넷·IT·통신·모바일·게임>응용프로그래머> JAVA"
/rc/clk?jk=aee052f65e4527f2&fccid=7a7c1288722726fd&vjs=3,JAVA개발 신입/경력 정규직,수원 영통구,,소프트 JAVA개발 신입/경력 정규직 채용 모집부문 및 자격요건 모집부문 담당업무 자격요건 인원 JAVA개발 [담당업무] [ Java 기반 솔루션 개발... 터링 솔루션 Backend 개발 - Java 기반의 데이터 정합성 검증 및...
/rc/clk?jk=1783dd4b09dcaa8a&fccid=564e2b5146f6ad2c&vjs=3,"C·C++, JAVA 신입/경력 정규직",서울 금천구,,인터넷·IT·통신·모바일·게임>응용프로그래머>C·C++|인터넷·IT·통신·모바일·게임>응용프로그래머> JAVA
/rc/clk?jk=682051c874e4375d&fccid=c3aa6121be03065c&vjs=3,Technical Writer 담당자 영입,성남 분당구,,보기- 카카오페이 문화에 대해 더 알아보기 ◆ 업무내용 인터넷·IT·통신·모바일·게임>웹프로그래머> JAVA|인터넷·IT·통신·모바일·게임>응용프로그래머> JAVA|인터넷·IT·통신·모바일·게임>전산·IT기술지원>IT기술지원
/rc/clk?jk=3557014266ec3c00&fccid=a9c42bd06915d0aa&vjs=3,가톨릭대학교 정규직 직원(일반직/기술직) 모집공고,대한민국,,"능력 우수자 전산개발 명 <지원자격> - 웹 개발 5년 이상 - Full-stack 개발 가능자 - JAVA Spring(Boot) framework 사용 가능자 - DBMS(MSSQL,MySQL,Oracle) 사용..."
/rc/clk?jk=d2f1a707c28a9f31&fccid=6885f2fbfef0f377&vjs=3,(주)퀀텀웨이브 웹개발 경력 정규직,서울 구로구,,직무 경험 2년 이상ㆍSpring Framework 사용이 가능하신분ㆍ Java / Jsp(JSTL) / Javascript(Jquery) 사용이 가능... 통신·모바일·게임>웹프로그래머> JAVA|인터넷·IT·통신·모바일·게임>웹프...
/rc/clk?jk=592bae903034f0e7&fccid=9b6890ba3d42b434&vjs=3,"JAVA 경력 계약직, 프리랜서 (한국건설기술연구원 내 근무, 12월까지)",고양 일산서구,,"(주)아이티메이트 JAVA 경력 계약직, 프리랜서 채용(한국건설기술연구원 내 근무, 12월까지) 모집부문 및 자격요건 담당업무 자격요건 인원 [담당업무... 취소될 수 있습니다. 인터넷·IT·통신·모바일·게임>응용프로그래머> JAVA"
/rc/clk?jk=5a9b919b015c76a1&fccid=8cc86039dd9a310a&vjs=3,백엔드개발자 or 플랫폼 운영 개발자,서울 서초구,"연봉 30,000,000원 - 45,000,000원","세 (1988년생)이하성별: 무관• Python DJango 개발 가능자• API개발및 설계 가능자• java script 사용가능자• MySql, Oracle, MSSql 등 1개 이상의 DBMS 사용 가능자• Linux..."
/rc/clk?jk=5a7a5f9527656510&fccid=78a3dc8e4507c4ee&vjs=3,[2021년 대중소기업 상생 일자리 프로그램] LG CNS 사업단 협력사 - 낙스넷 주식회사,서울,,"드웨어 회로설계 가능자 - 프로젝트 실무경력 보유자로 실무 수행 가능한 분 [웹프로그래밍] - jsp, java, ASP / PHP 개발 능숙자 - HTML, JavaScript, css 능숙자 - MS SQL, Oracle..."
/rc/clk?jk=3f8eb1de24add612&fccid=9702ca14c9a11940&vjs=3,디지털 플랫폼 개발 경력사원,서울 영등포구,,"B2C 앱(커머스) 서비스 구축 및 App 경험(개발 프로젝트 기획부터 릴리스까지) - App 구축에 필수적인 JAVA, .Net, Android, iOS, Database 기술 이해 - WBS 기반의 프로젝트 일정 관리 및..."
/rc/clk?jk=8e0992aa8455d250&fccid=7fd4ab5b8a5f28f4&vjs=3,[TmaxTibero/기술] DBMS 기술지원 엔지니어,서울,,"블슈팅, 성능분석/진단, POC/BMT등 수행자격요건<td 인터넷·IT·통신·모바일·게임>응용프로그래머>C·C++|인터넷·IT·통신·모바일·게임>응용프로그래머> JAVA|인터넷·IT·통신·모바일·게임>데이터베이스·DBA>SQL"
/rc/clk?jk=517eb2154775c538&fccid=7d86935136f973ac&vjs=3,대졸 신입사원 (영업/PM/경영지원/IT),서울 강서구,,"격무관 (IT 관련 자격증 보유자 우대) - 기타 우대사항 : 시스템 개발 및 운영 유경험자 (개발/운영) Java, JSP, Spring, Ibatis 등 Web 개발 가능자 Javascript, Jquery, Vue 활용..."
/rc/clk?jk=baf014be401e62a1&fccid=629bf66c8ed71fe3&vjs=3,SAP개발(MM모듈) 및 운영 - 자동차부품 우량대기업,서울 강남구,,과장급 인터넷·IT·통신·모바일·게임>응용프로그래머>C·C++|인터넷·IT·통신·모바일·게임>응용프로그래머> JAVA|인터넷·IT·통신·모바일·게임>응용프로그래머>C#|인터넷·IT·통신·모바일·게임>응용프로그래머>SAP...
/rc/clk?jk=2c9881cb774bd9d3&fccid=734cb5a01ee60f80&vjs=3,Support Escalation Engineer,서울,,"development & debugging experience (C/C++/C#, Python, Java, Node.JS, etc.). Azure Application development or support..."
/rc/clk?jk=29215464b7465a4d&fccid=bd0dc1817223394f&vjs=3,[신사업부문] Test Engineer (테스트 엔지니어) 경력채용,서울,,"실력 • 웹과 모바일 앱에 대한 높은 이해 • Selenium 등 테스트 자동화 툴 / 프레임워크 사용경험 • Java, Node.js, Python 등 테스트 자동화를 위한 개발 능력 • 논리적 사고와 문제 분석 및 해결..."
/rc/clk?jk=3b423c58c9fda320&fccid=aa42ebe42f59b04b&vjs=3,"[해외취업] 【일본/도쿄,오사카】 플렛폼 개발자 안내",서울 여의도,"연봉 35,360,000원 - 53,580,000원","업영역에 대해 이해하고, 관련 플렛폼 개발 및 개발과정을 함께할 직원들 기다리고 있습니다. 그 외 자격요건 - JAVA개발 경험자 - Git/GitHub/CI서비스 사용, 팀 개발 경험자 - AWS등 클라우드 서비스 개발 및..."
/rc/clk?jk=51d1df9a3cfbe418&fccid=35c61db9f1514baf&vjs=3,(주)엘솔루 R&D본부 ASR팀 개발직,서울,,"습득 기회 제공 [필수사항] ㆍ프로그래밍에 재능 및 열정이 있는 자 ㆍ Java, Python 중 하나 이상의 언어사용자 ㆍWeb 개발능력 ㆍ리눅스... 통신·모바일·게임>응용프로그래머> JAVA|인터넷·IT·통신·모바일·게임..."
/rc/clk?jk=8a5cf08d72b19e83&fccid=edf425bb0d7035f0&vjs=3,"JAVA, JSP 신입 정규직",서울,"연봉 25,000,000원 - 30,000,000원",인터넷·IT·통신·모바일·게임>웹프로그래머> JAVA|인터넷·IT·통신·모바일·게임>웹프로그래머>JSP
/rc/clk?jk=19b851d1c415b333&fccid=88aadd659aaef300&vjs=3,[2021년 대중소기업 상생 일자리 프로그램] LG CNS 사업단 협력사 - (주)코어메이드,서울,,"[웹프로그래밍] - jsp, java, ASP / PHP 개발 능숙자... DB서버 구축 및 유지 가능자 [응용 프로그래밍] - C, C++, JAVA, 임베디드 개발 유경험자 - .NET 프레임워크에 대한 기반 지식 보유자..."
/rc/clk?jk=99cc0c37fe654840&fccid=7cfe4ea47cb77813&vjs=3,조선내화 2021년 하반기 관리직 신입/경력사원,전라남도 광양,,"및 운영관리 [자격요건] 관련직무 및 프로그램 개발 4년 이상 경력자 MS-SQL 및 오라클 DB 경험자 Java 및 C#, JSP, ASP, ASP.Net 기반 개발 경험자 ※ 지원서 작성 시, 경력 및 프로젝트 관련사항..."
/rc/clk?jk=274757ddd79d2362&fccid=445576e2a7ced0d6&vjs=3,[TmaxAI/기술] 기술지원 엔지니어,성남 분당구,,"자격요건 - 원활한 의사소통을 위한 커뮤니케이션 능력 보유자 - 적극적이고 긍정적인 성격 보유자 - JAVA, JSP, JavaScript, jQuery 개발 경험 - Spring, Spring boot Framework..."
/rc/clk?jk=ab44d906711759cb&fccid=d6e3ccf259062359&vjs=3,[델레오코리아] 각 JAVA 백엔드개발팀 팀원,서울 강남구,,[델레오코리아] 각 JAVA 백엔드개발팀팀원 채용 모집부문 및 자격요건 담당... 채용이 취소될 수 있습니다. 인터넷·IT·통신·모바일·게임>웹프로그래머> JAVA|인터넷·IT·통신·모바일·게임>웹프로그래머>JSP|인터넷·IT·통신...
/rc/clk?jk=db48df2e97cc2d48&fccid=8774314ead916c49&vjs=3,Java개발 및 운영인력 영입,성남 분당구,,연동시스템 개발 및 운영- 업무영역별 지속적인 테스트 및 품 인터넷·IT·통신·모바일·게임>응용프로그래머> JAVA|인터넷·IT·통신·모바일·게임>데이터베이스·DBA>MySQL|인터넷·IT·통신·모바일·게임>데이터베이스·DBA...
/rc/clk?jk=e3d42bf8332381c2&fccid=b292fc7fdc3c4533&vjs=3,2022 [Metanet] Application 신입사원,서울 송파구,,게임>웹프로그래머>PHP |인터넷·IT·통신·모바일·게임>웹프로그래머> JAVA|인터넷·IT·통신·모바일·게임>웹프로그래머>EJB|인터넷·IT·통신... 통신·모바일·게임>응용프로그래머> JAVA|인터넷·IT·통신·모바일·게임...
/rc/clk?jk=940e687a28763f27&fccid=9a116f00e73f6791&vjs=3,"JAVA, JSP 신입/경력 정규직",서울 구로구,"연봉 25,000,000원 - 30,000,000원","(주)한국해양기상기술 JAVA, JSP 신입/경력 정규직 채용 모집부문 및 자격요건 담당업무 자격요건 인원 [담당업무] JAVA/JSP 기반 웹프로그램... 통신·모바일·게임>웹프로그래머> JAVA|인터넷·IT·통신·모바일·게임>웹프..."
/rc/clk?jk=0a89e8e51d584bc3&fccid=95f6edc4ba4b1c25&vjs=3,[메이저그룹계열 IT 회사] 손해보험 IT운영 담당 - 대리-과장급(여의도 근무),서울,,"이상○ 언어 : java(중 이상) / javascript : json , jquery ( 경험자 )○ DB : Oracle(중 이상)등 관계형 DB 설계 및 활용 능력 인터넷·IT·통신·모바일·게임>응용프로그래머> JAVA"
/rc/clk?jk=75f60b005eed8f8b&fccid=374a517cfecbadf5&vjs=3,임베디드SW 개발자,서울 구로구,"연봉 25,000,000원 - 30,000,000원",통신·모바일·게임>시스템프로그래머>임베디드(Embedded)|인터넷·IT·통신·모바일·게임>응용프로그래머>C·C++|인터넷·IT·통신·모바일·게임>응용프로그래머> JAVA|인터넷·IT·통신·모바일·게임>응용프로그래머>C#
/rc/clk?jk=51cda1d8b28fc9e1&fccid=7d86935136f973ac&vjs=3,IT기획 경력사원,서울특별시,,"자격무관 (IT 관련 자격 보유자 우대) 4. 경력 : 시스템 개발 및 운영 2~3년 이상 (개발/운영) Java, JSP, Spring, Ibatis 등 Web 개발 가능자 Javascript, Jquery, Vue 활용..."
/rc/clk?jk=335812edc5721516&fccid=7df0cba4de0d6e6c&vjs=3,[에스씨아이평가정보][장애인만 에스씨아이평가정보_웹 개발자(Java JSP)_팀장급,서울 서강동,,"확인 서비스 웹/모바일 웹개발 운영 채용인원: 1명 고용형태: 정규직(3개월 계약 후 정규직 전환 심사) 지원자격: Java, JSP, javascript, Jquery, SApring, Ibtis 등 web개발 가능자(필수..."
/rc/clk?jk=6cd9dbb20aa8d660&fccid=629bf66c8ed71fe3&vjs=3,웹개발/JAVA 경력인재 - 중견 식품우량기업,서울,,웹개발/ JAVA 경력인재 채용 - 중견 식품우량기업 1. 채용 회사: 식품... 게임>웹프로그래머> JAVA|인터넷·IT·통신·모바일·게임>웹프로그래머>ASP|인터넷·IT·통신·모바일·게임>응용프로그래머> JAVA|인터넷·IT·통신...
/rc/clk?jk=5a242980ec7e2d62&fccid=e22ec123cbb88199&vjs=3,시스템개발 경력사원 채용,서울 수표동,,"필수 ※ 우대사항 : 금융권 프로젝트 경험자, 금융권 업무 개발/운영 경험자 사용언어 : Pro*C, java, jsp 개발환경 : Unix(AIX), Linux, Oracle 서울 본사 (중구) 채용조건 ㆍ고용..."
/rc/clk?jk=c1971b0dbac87ffb&fccid=d2a38e30284e0b37&vjs=3,유엔이커뮤니케이션즈 산업안전관리 컨설팅 담당자,서울 성동구,"연봉 25,000,000원 - 40,000,000원",터넷·IT·통신·모바일·게임>네트워크·서버·보안>ISP·IDC운영|인터넷·IT·통신·모바일·게임>응용프로그래머> JAVA|인터넷·IT·통신·모바일·게임>네트워크·서버·보안>LAN·WAN 구축|인터넷·IT·통신·모바일·게임>네트...
/rc/clk?jk=f5913e46b6f57470&fccid=91fbcac3f5127d8f&vjs=3,[의료기기/상장사] QC 담당자,서울 금천구,,게임>웹프로그래머>PHP |인터넷·IT·통신·모바일·게임>웹프로그래머> JAVA|인터넷·IT·통신·모바일·게임>웹프로그래머>EJB|인터넷·IT·통신... 통신·모바일·게임>응용프로그래머> JAVA|인터넷·IT·통신·모바일·게임...
/rc/clk?jk=6ef898d2fd7cb7cd&fccid=0e227fcf26ed675e&vjs=3,[2021년 대중소기업 상생 일자리 프로그램] 미라콤 사업단 협력사 - (주)제이비소프트,서울,,"기타자격요건: JAVA 개발자양성 전문 교육기간 6개월이상 수료자 [웹프로그래밍] - jsp, java, ASP / PHP 개발 능숙자 - HTML... 통신·모바일·게임>웹프로그래머> JAVA|인터넷·IT·통신·모바일·게임>소프..."
/rc/clk?jk=6279ef8f27d6692f&fccid=94b0e5281834aa98&vjs=3,"일러스트레이터, 시각디자인 외 신입/경력 정규직, 계약직",서울 영등포구,,그래픽디자인|인터넷·IT·통신·모바일·게임>웹프로그래머>웹개발|인터넷·IT·통신·모바일·게임>웹프로그래머> JAVA|인터넷·IT·통신·모바일·게임>웹프로그래머>HTML·DHTML·mHTML|인터넷·IT·통신·모바일·게임>웹프로...
/rc/clk?jk=fffaa1f96c1449c7&fccid=32f112a2173f5468&vjs=3,풀스텍 개발자/ 임베디드 개발자 정규직,서울 서초구,,통신·모바일·게임>웹프로그래머> JAVA|인터넷·IT·통신·모바일·게임>웹프로그래머>백엔드|인터넷·IT·통신·모바일·게임>웹프로그래머>프론트엔드|인터넷·IT·통신·모바일·게임>응용프로그래머> JAVA|인터넷·IT·통신·모바일...
/rc/clk?jk=7b99647b159134d5&fccid=59060ddcdf96b101&vjs=3,[분당] 의료IT기업 Java 백엔드 개발자 (경력),성남 분당구,"연봉 40,000,000원 - 50,000,000원",담당업무]- Java를 이용한 헬스케어 솔루션 연구 및 개발- Java Backend 서비스 프로젝트 개발- Spring 기반 Java Restful... 그래머> JAVA|인터넷·IT·통신·모바일·게임>웹프로그래머> JAVA|인터넷...
/rc/clk?jk=81e0c859fcbbb23c&fccid=545d05a5e9bb96c4&vjs=3,[] 클라이언트 프로그래머,서울 마포구,,"업무]유니티를 활용한 안드로이드 / 윈도우 솔루션 클라이언트 개발(C#, JAVA 필수 / Unity 우대)[근무부서 및 직급/직책]근무부서: 연구전... 통신·모바일·게임>응용프로그래머> JAVA|인터넷·IT·통신·모바일·게임..."
/rc/clk?jk=08a1a66ca6805792&fccid=ddc2109b248678a8&vjs=3,(주)에듀서브 하반기 PHP 개발자,서울 구로구,,래머>웹개발|인터넷·IT·통신·모바일·게임>웹프로그래머>PHP |인터넷·IT·통신·모바일·게임>웹프로그래머> JAVA|인터넷·IT·통신·모바일·게임>웹프로그래머>백엔드|인터넷·IT·통신·모바일·게임>웹프로그래머>프론트엔드|인터...
/rc/clk?jk=b1d953756741fec5&fccid=24453925b062a049&vjs=3,얼굴인식 AI개발자,서울 구로구,"연봉 30,000,000원 - 60,000,000원",상자 [장애인채용희망여부] 장애인 병행채용 [병역특례] - 비희망 인터넷·IT·통신·모바일·게임>응용프로그래머>C·C++|인터넷·IT·통신·모바일·게임>응용프로그래머> JAVA|인터넷·IT·통신·모바일·게임>응용프로그래머>C#
/rc/clk?jk=ca60536cadc35ef6&fccid=750aecb2d1d64351&vjs=3,"[안산]JAVA, 백엔드 개발자",안산 단원구,"월급 2,500,000원",ㆍREST APl 개발 및 유지보수ㆍ JAVA 백엔드 개발자자격요건ㆍ학력... 게임>웹프로그래머>JSP|인터넷·IT·통신·모바일·게임>응용프로그래머> JAVA|인터넷·IT·통신·모바일·게임>웹프로그래머>PHP |인터넷·IT·통신...
/rc/clk?jk=b7a7b9bf36e763f2&fccid=891be7368b0913c6&vjs=3,"웹 프로그래 개발자 (java, jsp, web/was)",부산,,"발자 채용공고( java, jsp, web/was) 모집부문 및 자격요건 담당업무 자격요건 인원 [담당업무]프로그램 개발 및 유지보수( java, jsp... 통신·모바일·게임>웹프로그래머> JAVA|인터넷·IT·통신·모바일·게임>웹프..."
/rc/clk?jk=57c2a5042a078362&fccid=c5fe0df568b7d2b4&vjs=3,"JSP, JAVA 외 경력 정규직, 계약직, 프리랜서",서울 종로구,,"(주)라이트솔루션 JSP, JAVA 외 경력 정규직,프리랜서 채용(투입일... JAVA 기반 I/F 개발 [자격요건]경력사항: 경력(5년 이상 )학력사항: 학력무관직무기술: JAVA개발, JAVA I/F 개발 0 명 근무조건..."
/rc/clk?jk=9fc2762a088d845d&fccid=54911ff2dce6c429&vjs=3,11번가 Machine Learning 및 검색랭킹 개발 분야,서울 강남구,,"서의 개발 경험 (2년이상)우대 사항Deep learning대용량 데이터 처리 관련 기반 지식Python, Java 등 ProgrammingLucene / Solr / Elastic Search 관련 지식정보검색에 대한 전반..."
/rc/clk?jk=916f4ac587c0e294&fccid=1da316c815751c68&vjs=3,금융권 MSTR/TA/CDC/OZ JAVA/이행,서울 영등포구,,MSTR/TA/CDC/OZ JAVA/이행 모집 모집부문 및 자격요건 모집부문 담당업무 자격요건 인원 MSTRTACDCOZ JAVA이행 초급/고급기술자... 통신·모바일·게임>응용프로그래머> JAVA|인터넷·IT·통신·모바일·게임...
/rc/clk?jk=1c8eedf41ecf2336&fccid=dd616958bd9ddc12&vjs=3,"JAVA, 웹프로그램 솔루션 구축/개발 경력자 모집",서울 서교동,,2000년 설립(업력 22년) 사원 24명 비상장 중소기업 상세보기 담당업무 모집부문 담당업무 자격요건 인원 JAVA/JSP 웹프로그래밍 - 웹메일 솔루션 개발/관리 - 솔루션 구축 프로젝트수행 [자격요건] - 학력 : 무관...
/rc/clk?jk=d7782582ada43dd2&fccid=465de212fe1fc2a0&vjs=3,Java·JSP외9 분야 계약직 부문 신입/경력 채용,서울 논현동,,"근무조건 계약직 급여 회사내규에 따름 주 5일 | 오전 9시~오후 6시 서울 강남구 지하철 신사 서울3호선역 지원자격 신입, 경력 무관, 경력무관 대학교(4년) 기업정보 1995년 설립(업력 27년) 사원 127명..."
/rc/clk?jk=1d89fe4b37ab05ed&fccid=0c6e17e1bea58b72&vjs=3,"데이터마이닝, 빅데이터 큐레이터 외 신입/경력 정규직",서울 강남구,,"Python 혹은 R 등의 프로그래밍 능력 -SQL의 사용 능력 -데이터를 다루기 위한 Python, R, Java 중 1개의 프로그래밍 능력 -대용량 데이터 ETL(extract transform load)를 위한 기술적..."
/rc/clk?jk=86a8f205ed90e2c7&fccid=ce4353a2f939999b&vjs=3,"웹개발, JSP 외 신입 정규직",서울 구로구,"연봉 21,870,000원 - 25,000,000원",사지원서 및 제출서류에 허위사실이 있을 경우 채용이 취소될 수 있습니다. 인터넷·IT·통신·모바일·게임>웹프로그래머>웹개발|인터넷·IT·통신·모바일·게임>웹프로그래머>JSP|인터넷·IT·통신·모바일·게임>웹프로그래머> JAVA
/rc/clk?jk=e0a818f62ba5c83d&fccid=849bb20aa310ef9e&vjs=3,[스마트제조기업 특화] 웹/앱 응용프로그래머,인천 서구,,인터넷·IT·통신·모바일·게임>소프트웨어·하드웨어>소프트웨어|인터넷·IT·통신·모바일·게임>응용프로그래머> JAVA
/rc/clk?jk=5ed32569e1b7bcd6&fccid=61230390c8f312f1&vjs=3,"2021년 하반기 PM/PL 및 Web, java 개발자",고양 덕양구,,"직무내용] 프로젝트 PM/PL 가능 경력자WEB, JAVA 개발 경력자급여 면접후 결정 [근무시간 및 형태] 주 5일 근무 9:00~18:00 / 휴게... 근면, 성실한 자 인터넷·IT·통신·모바일·게임>응용프로그래머> JAVA"
/rc/clk?jk=4d1eb243db16fd77&fccid=3061a9a0f5168def&vjs=3,[KSTEC] AI & Optimization 기술 융합 컨설턴트,성남 분당구,,"산업공학, 인터넷·IT·통신·모바일·게임>응용프로그래머>C·C++|인터넷·IT·통신·모바일·게임>응용프로그래머> JAVA|인터넷·IT·통신·모바일·게임>응용프로그래머>Visual C++(MFC·ATL)|인터넷·IT·통신·모바일..."
/rc/clk?jk=6118263fdec2a237&fccid=348bed7dbbafc82f&vjs=3,[광화문] JAVA 경력자,서울 종로구,,인터넷·IT·통신·모바일·게임>응용프로그래머> JAVA
/rc/clk?jk=2e8e599c4e53ac59&fccid=46ba4635611e86ea&vjs=3,금융분야 IT운영 경력사원,서울 영등포구,,"시스템 연동 각 채널 업무○ 기타 수명 업무[자격요건]○ 웹 어플리케이션 개발 경력 2년 이상○ 언어 : java(중 이상) / javascript : json , jquery ( 경험자 )○ DB : Oracle(중 이상..."
/rc/clk?jk=e02ce9352300dbf2&fccid=dd616958bd9ddc12&vjs=3,"JAVA, 웹프로그램 개발/유지보수 신입 및 경력자 모집",서울 서교동,,사원 24명 비상장 중소기업 상세보기 담당업무 모집부문 담당업무 자격요건 인원 JAVA/JSP 웹프로그래밍 - 웹메일 시스템 기능 개발/수정( Java/Spring/Jsp/Js/MySQL/Oracle) - 웹메일 고객사 기술지...
/rc/clk?jk=0040b8f0ee78ec4a&fccid=32a31c9a37c7dfb4&vjs=3,(주)홈앤무브 기술연구소 연구원 (모바일 앱 및 AI 엔진 개발자),서울 서초구,,"HTML(5), CSS, Spring 경험 보유- SQL DB. AWS 사용 경험 보유- 개발 언어: C(or Java), Python, node.js 등- (우대)프론트엔드/백엔드 독립 배포 환경 구축 경험- (우대)모바일..."
/rc/clk?jk=0ae7773f64b45f8c&fccid=046282d31733b9d2&vjs=3,TUVA 전산팀 java 개발자 정규직,서울 강동구,"연봉 40,000,000원 - 50,000,000원","전산팀 java 개발자 채용 모집부문 및 자격요건 담당업무 자격요건 인원 [담당업무]ㆍ자사 전산 유지보수, 신규개발(고객관리, 자재관리, API연동) 홈페이지 관리)ㆍ언어: Java, php, HTML, CSS, Java..."
/rc/clk?jk=9ad7cc4fd64df662&fccid=5f3b76d31f378273&vjs=3,[백엔드개발자] 자사 서비스 백엔드 개발자,서울 관악구,,"또는 세무관련 솔루션 개발 경험이 있으신 분(10년차 이상의 경우) - Git을 이용한 협업에 익숙하신 분 - JAVA, Spring Web MVC, SpringBoot 2.x - MySQL, Oracle 등 RDBMS 사용..."
/rc/clk?jk=d4a334c479668ddb&fccid=32d84d4339b22c14&vjs=3,[2021년 대중소기업 상생 일자리 프로그램] LG CNS 사업단 협력사 - (주)애버커스,서울,,"[웹프로그래밍] - jsp, java, ASP / PHP 개발 능숙자 - HTML, JavaScript, css 능숙자 - MS SQL, Oracle, MySQL 등 DBMS 설계 및 운영 가능자 - 웹, DB서버 구축 및..."
/rc/clk?jk=1bec74fe497f5326&fccid=1988dce9b5e6ed6e&vjs=3,"프로그램개발자, 연구과제 외 기술영업 신입/경력 정규직",서울 강서구,"연봉 25,000,000원 - 30,000,000원",웹개발|인터넷·IT·통신·모바일·게임>웹프로그래머>PHP |인터넷·IT·통신·모바일·게임>웹프로그래머> JAVA|인터넷·IT·통신·모바일·게임>웹프로그래머>Python|인터넷·IT·통신·모바일·게임>응용프로그래머>Visual...
/rc/clk?jk=bf98f8d447348084&fccid=412ff571bced2587&vjs=3,[CLOVA] AI Assistant Platform 연계형 인턴십,서울,,사용자의 일상생활을 개선할 수 있는 기능 및 추천 서비스 개발 [ 공통 지원 자격요건 ] Go 또는 Java 또는 Kotlin 을 사용하여 REST API 서버를 만들 수 있는 분 Git 으로 코드를 관리하고 GitHub...
/rc/clk?jk=8246d70fb694d66e&fccid=a40c4032c04808eb&vjs=3,[분당]JAVA 대형병원 항생제 내성균 포털시스템 운영 개발자 2명 중급이상,성남 분당구,,"(주)에이치에스피 JAVA 경력 프리랜서 채용 모집부문 및 자격요건 담당업무... 경력(6년 이상 16년 이하)학력사항: 대학(2,3년)졸업직무기술: Java[우대사항]우대사항: 해당직무인턴경력자, 인근거주자 2 명 근무조건 고용형..."
/rc/clk?jk=e7c8c2b11f24fb43&fccid=a5b4499d9e91a5c6&vjs=3,Software Engineer,서울,,"programming languages, including... limited to: C++, Java, C and Python. Excellent written and verbal communication..."
/rc/clk?jk=e360930afd50fe18&fccid=deccf9634a017356&vjs=3,2021 충남 온오프라인 일자리 페스티벌,충청남도,,리서치·모니터링|인터넷·IT·통신·모바일·게임>웹프로그래머>웹개발|인터넷·IT·통신·모바일·게임>웹프로그래머> JAVA|인터넷·IT·통신·모바일·게임>응용프로그래머>C·C++|인터넷·IT·통신·모바일·게임>데이터베이스·DBA...
/rc/clk?jk=f621fe4e1070cb27&fccid=445576e2a7ced0d6&vjs=3,[TmaxTibero/기술] DBMS 기술지원 엔지니어,서울,,"보유자 우대사항 - 컴퓨터 및 전산관련 전공자 - DB, CDC 제품 기술지원 및 운영업무 유경험자 - C/ Java 기반의 SQL 개발 경력 유경험 - OCP/SQLP(SQLD)/DAP(DAsP) 자격증 - IT기술 교육 및..."
/rc/clk?jk=3b7dbdf85a326a6d&fccid=28f5722fca6f5b12&vjs=3,국내 대기업 - AI 및 딥러닝 관련 경력자,서울,,"자연어처리 관련 전문 지식 있는 분 - Python 또는 Scala, JAVA 활용 역량 - 미디어/커머스/전자/IT 업계 경험자 선호 - Spark... Python 또는 Scala, JAVA 활용 역량- 미디어/커머스/전자..."
/rc/clk?jk=85ee1231378756a5&fccid=6513ddb07a2cab91&vjs=3,[ 부산 IT 취업 교육 ] 자바(JAVA) 스프링(SPRING) 웹 개발자 양성,부산 부산진구,,모집) 과정명 : 자바( JAVA) 스프링(SPRING) 웹 개발자 양성 [자격요건]전공자/비전공자 모두 지원 가능IT 분야 취업에 관심 있는 취업 준비생 30 명 교육조건 과정명 : 자바( JAVA) 스프링(SPRING) 웹...
/rc/clk?jk=0619380c89fe1e7a&fccid=747e0f317dd3b3b0&vjs=3,전산(IT) 경력직 채용(서울),서울 서초동,,"당업무 자격요건 근무지 전산 프로그램 개발 및 유지보수 등 전문대 및 4년제 대학 졸업자 이상 JAVA, JSP, SPRING, MAVEN, SAP ERP, DB(Oracle, MS SQL) 활용 가능자 전산..."
/rc/clk?jk=05e360c362753f42&fccid=2ded862f387a5eb0&vjs=3,자바 개발자 정규직,서울 금천구,,로그래머>웹개발|인터넷·IT·통신·모바일·게임>웹프로그래머>JSP|인터넷·IT·통신·모바일·게임>웹프로그래머> JAVA|인터넷·IT·통신·모바일·게임>웹프로그래머>XML|인터넷·IT·통신·모바일·게임>웹프로그래머>Servlet
/rc/clk?jk=5c6fe384fabdbd45&fccid=23b5948755dc311c&vjs=3,서버 백 엔드 개발자,서울 마포구,,"[웹프로그래밍] - jsp, java, ASP / PHP 개발 능숙자 - HTML, JavaScript, css 능숙자 - MS SQL, Oracle, MySQL 등 DBMS 설계 및 운영 가능자 - 웹, DB서버 구축 및..."
/rc/clk?jk=71dbabf7683665bd&fccid=dd616958bd9ddc12&vjs=3,"(주)하이렌탈다이렉트 웹 개발, 웹 프로그래머",서울 강남구,,게임>웹프로그래머>JSP|인터넷·IT·통신·모바일·게임>응용프로그래머> JAVA|인터넷·IT·통신·모바일·게임>웹프로그래머>PHP |인터넷·IT·통신... 통신·모바일·게임>웹프로그래머> JAVA|인터넷·IT·통신·모바일·게임>웹프...
/rc/clk?jk=18c961503b310754&fccid=425b2d22fc1249e9&vjs=3,2021년 하반기 웹개발 신입,서울 서초구,,인터넷·IT·통신·모바일·게임>웹프로그래머>JSP|인터넷·IT·통신·모바일·게임>웹프로그래머> JAVA
/rc/clk?jk=ea85f936278d5eb2&fccid=81958170853b6b2b&vjs=3,전자정부프레임워크 백엔드개발 신입/경력 정규직,서울 구로구,,제출서류에 허위사실이 있을 경우 채용이 취소될 수 있습니다. 인터넷·IT·통신·모바일·게임>웹프로그래머> JAVA|인터넷·IT·통신·모바일·게임>웹프로그래머>JSP|인터넷·IT·통신·모바일·게임>웹프로그래머>HTML·DHTML...
/rc/clk?jk=f77d8a64709ad525&fccid=de71a49b535e21cb&vjs=3,Software Development Engineer (SDE),서울,,"fast, scalable, and fault tolerant Java/Scala microservices using cutting edge... developing Java... Scala-based..."
/rc/clk?jk=4e006c52ed011f2b&fccid=53353d8dec7c01e6&vjs=3,[2021년 대중소기업 상생 일자리 프로그램] LG CNS 사업단 협력사 - 주식회사 인포젠,서울 강서구,,"보유자로 실무 수행 가능한 분 [응용 프로그래밍] - C, C++, JAVA, 임베디드 개발 유경험자 - .NET 프레임워크에 대한 기반 지식 보유자... 하드웨어>유지보수|인터넷·IT·통신·모바일·게임>응용프로그래머> JAVA"
/rc/clk?jk=223b528e20fdcd83&fccid=54911ff2dce6c429&vjs=3,11번가 검색서비스 개발 분야,서울 강남구,,"daemon 및 데이터 api 개발 운영자격 요건대용량 Redis data 운영 경험있으신분python / java / oracle, mySql DB 에 능숙하신분고성능 / 대용량 트래픽 처리하는 시스템 개발 및 운영경험우대..."
/rc/clk?jk=de766edcc2cea201&fccid=bfa3853b4e83c882&vjs=3,로보틱스 소프트웨어 엔지니어 경력 정규직,서울 강남구,"연봉 40,000,000원 - 50,000,000원","그래밍 언어 활용 능력(C/C++, Java, Python 등) • 데이터... 기반 어플리케이션 개발 경력자• 프로그래밍 언어 활용 능력(C/C++, Java, Python 등)• 데이터 구조 및 네트워크, 통신에 대한 전문적인..."
/rc/clk?jk=e4755ea22f96ca4d&fccid=bf87f6a512af30b5&vjs=3,[오디코드] 함께 성장할 프론트엔드 개발자,서울 서대문구+1 지역,"월급 2,500,000원","ㆍiOS Native 앱 개발 경험 (Swift)ㆍAndroid Native 앱 개발 경험 (kotlin, java)ㆍTypeScript 사용 경험ㆍGraphQL 사용 경험ㆍREST API 사용 경험ㆍjavascript 를..."
/rc/clk?jk=2b3416df72562361&fccid=bcdb77d1db419ce5&vjs=3,공공SI Java WEB 개발자,세종특별자치시,"월급 2,700,000원","[웹프로그래밍] - jsp, java, ASP / PHP 개발 능숙자 - HTML, JavaScript, css 능숙자 - MS SQL, Oracle... 구축 및 유지 가능자 인터넷·IT·통신·모바일·게임>웹프로그래머> JAVA"
/rc/clk?jk=00b6ba5dd9aa8512&fccid=1d8694a1dc9e355e&vjs=3,"JSP, JAVA 신입 정규직",안양 동안구,"연봉 25,000,000원 - 30,000,000원",인터넷·IT·통신·모바일·게임>웹프로그래머>JSP|인터넷·IT·통신·모바일·게임>응용프로그래머> JAVA
/rc/clk?jk=7dd1b6f7793a174a&fccid=dd616958bd9ddc12&vjs=3,소프트웨어 개발자,서울 성동구,"월급 2,000,000원",희망내용] 상세구인관련 문의사항은 채용담당자에게 확인바랍니다. 인터넷·IT·통신·모바일·게임>응용프로그래머>C·C++|인터넷·IT·통신·모바일·게임>응용프로그래머> JAVA|인터넷·IT·통신·모바일·게임>응용프로그래머>C#
/rc/clk?jk=2ca91c6a5c2f514a&fccid=2cf45dad9bc7c78f&vjs=3,(주)평화이즈 의료정보시스템 개발자 상시,서울 서초구,,험경영정보시스템[자격요건]- 유관 분야 개발 및 운영 관련 업무 인터넷·IT·통신·모바일·게임>응용프로그래머> JAVA|경영·인사·총무·사무>일반사무·사무지원>정보처리기사|인터넷·IT·통신·모바일·게임>소프트웨어·하드웨어>소프...
/rc/clk?jk=c864844b692f9527&fccid=88f43f4b4dedde66&vjs=3,"JSP, JAVA 외 경력 정규직, 계약직",서울 서초구,,"(주)에이콘컴퍼니 JSP, JAVA 외 경력 정규직, 계약직 채용 모집부문 및 자격요건 담당업무 자격요건 인원 [담당업무]공공기관 웹개발위치 : 서울 중구 및 강남우대사항 : JAVA/JSP, 전자정부 프레임워크 개발 경험회사..."
/rc/clk?jk=5541804467a89223&fccid=62021b32259117cc&vjs=3,Market Intelligence 담당자 (3년 이상),서울 서초구,,"능동적 마인드를 지니신 분 우대 조건 통계 분석 및 프로그래밍 언어 역량을 보유하신 분 (R, python, Java, SPSS, Tableau, etc.)애널리틱스 역량: 데이터를 통해 트렌드, 패턴, 인사이트를 도출하는..."
/rc/clk?jk=e0760ed15abc49ed&fccid=7a70118b81a53a97&vjs=3,웹디자이너 CSS/HTML/포토샵/자바스크립트 정직원 팀원/팀장,서울 구로구,"연봉 21,870,000원 - 25,000,000원",주식회사 팡홀딩스 웹디자이너 CSS/HTML/포토샵/자바스크립트 정직원 팀원/팀장 모집 모집부문 및 자격요건 담당업무 자격요건 인원 [담당업무]웹디자인 / 웹퍼블리싱[근무부서 및 직급/직책]근무부서: 디자인팀직급/직책: 사원...
/rc/clk?jk=df87d33e4600ee01&fccid=561d63cf81871305&vjs=3,자바 웹개발자 (백엔드 개발자),서울 강남구,"연봉 50,000,000원 - 60,000,000원",(주)에이피서비스 JAVA WEB 개발자(백엔드)채용 모집부문 및 자격요건 담당업무 자격요건 인원 [담당업무] 중고차 매매 시스템 백엔드 개발 ( JAVA WEB... 취소될 수 있습니다. 인터넷·IT·통신·모바일·게임>응용프로그래머> JAVA
/rc/clk?jk=faeb1ab543e82635&fccid=dfec11ddd1a2089a&vjs=3,[웹개발] 웹디자인 및 코딩 가능자 단기 프리랜서,서울 강남구,,통신·모바일·게임>웹프로그래머>웹개발|인터넷·IT·통신·모바일·게임>웹프로그래머>HTML·DHTML·mHTML|인터넷·IT·통신·모바일·게임>웹프로그래머> JAVA|인터넷·IT·통신·모바일·게임>웹프로그래머>프론트엔드
/rc/clk?jk=4468ced3876bcc1a&fccid=51072b5481eec4d0&vjs=3,[교보라이프플래닛생명] 모바일시스템 개발/운영 경력직,서울 영등포구,,"이상○ 코틀린/ Java 개발언어 활용 및 Android SDK, Native UI, Jetpack 등으로 앱 개발이 가능한 자[우대사항]○ Java, JSP, HTML, Java Script, jQuery, AJAX 등 개발..."
/rc/clk?jk=4b9fb29d5e7e2da8&fccid=ef249ee13b8472d3&vjs=3,"백엔드, JAVA 외 경력 정규직",서울 서초구,,"인원 - Java, Spring 기반 서버개발 [자격요건]학력사항 : 고졸이상나이/성별 : 무관지원자격- 경력 : 7년이상(과장, 차장급)- Java... 통신·모바일·게임>웹프로그래머> JAVA|인터넷·IT·통신·모바일·게임>데이..."
/rc/clk?jk=928292bc66c61d8f&fccid=23b5948755dc311c&vjs=3,웹 프론트 엔드 개발자,서울 마포구,,"[웹프로그래밍] - jsp, java, ASP / PHP 개발 능숙자 - HTML, JavaScript, css 능숙자 - MS SQL, Oracle, MySQL 등 DBMS 설계 및 운영 가능자 - 웹, DB서버 구축 및..."
/rc/clk?jk=379a5ef2335d9bd7&fccid=3e361819f5d9e9df&vjs=3,데이터젠 [Java 개발자 ],대전 유성구,,인터넷·IT·통신·모바일·게임>응용프로그래머> JAVA
/rc/clk?jk=c3cd1f8a1c1791f1&fccid=eaac3fb733c1f272&vjs=3,(주)웅진 JAVA개발 경력 채용,서울 다동,,중구 다동 한미빌딩 (주)웅진 JAVA개발 경력 채용 모집부문 및 자격요건 모집부문 주요업무 및 지원자격 JAVA개발 주요업무 -자사 모빌리티... 설계/개발 경력 5년 이상 - Java/Spring 환경 서버 개발 가능자...
/rc/clk?jk=edc6e7f0577700a0&fccid=6eb5c842abd9b94a&vjs=3,"JAVA, JSP 외 경력 정규직",서울 금천구,,JAVA|인터넷·IT·통신·모바일·게임>웹프로그래머>JSP|인터넷·IT·통신·모바일·게임>웹프로그래머>Servlet|인터넷·IT·통신·모바일·게임>웹프로그래머>AJAX|인터넷·IT·통신·모바일·게임>응용프로그래머> JAVA...
/rc/clk?jk=7a215099a40e21f2&fccid=27fc648854bc7b67&vjs=3,Java개발 경력사원,서울 강남구,,스퀘어네트(주) Java개발 경력직 모집 모집부문 및 자격요건 담당업무 자격요건 인원 [담당업무]ㆍ Java 웹 프로그램 개발업무ㆍCMS관련 개발업무ㆍ... 보직 변경은 없습니다 인터넷·IT·통신·모바일·게임>웹프로그래머> JAVA
/rc/clk?jk=502ddb9ba05b0c8c&fccid=497b05d0b0eb20ba&vjs=3,(주) 인스웨이브시스템즈,서울 강서구,,개발자 프레임워크컨설팅/개발팀 Java 백엔드 솔루션 연구/커스터마이징... 웹마케팅·PM>UI설계|인터넷·IT·통신·모바일·게임>응용프로그래머> JAVA|인터넷·IT·통신·모바일·게임>네트워크·서버·보안>기타 서버운영·관리...
/rc/clk?jk=c74206222a21c7a4&fccid=ba575e4bc6c31bcb&vjs=3,[2021년 대중소기업 상생 일자리 프로그램] LG CNS 사업단 협력사 - (주)지엠솔루션,서울 금천구,,"로젝트 실무경력 보유자로 실무 수행 가능한 분 [웹프로그래밍] - jsp, java, ASP / PHP 개발 능숙자 - HTML, JavaScript... 웹프로그래머>웹개발|인터넷·IT·통신·모바일·게임>웹프로그래머> JAVA"
/rc/clk?jk=0e7fdca58a32b012&fccid=00d961adec130546&vjs=3,"[제론소프트엔]C++,Java개발자 건",서울 필동,,"상적인 활동이 가능한 정도 손작업 : 큰 물품의 조립작업 양손사용 : 양손으로 작업 기타우대사항 C++, Java개발 가능자 전형방법 서류,면접 접수방법 워크투게더, 이메일 (개인회원 로그인 후 조회가능) 제출서류 준비..."
/rc/clk?jk=8d5e0ba0958e88d9&fccid=06b567962b735286&vjs=3,"상반기 개발자 (PHP, JAVA 외 신입/경력 정규직 )",서울 금천구,,"PHP, JAVA 외 신입/경력 정규직 채용 모집부문 및 자격요건 담당업무 자격요건 인원 [담당업무] 1. 서비스 개발 * 개발 내용 - WEB Solution ( 서비스 개발 및 운영) PHP, JAVA - 모바일..."
/rc/clk?jk=5f7dc11a36280519&fccid=28f5722fca6f5b12&vjs=3,국내 대기업 계열사 - Java기반 웹개발 경력자(대리-차장),서울,,Java 기반 웹개발 [자격요건]- 관련경력 5년~13년- java 기반... 웹프로그래머> JAVA|인터넷·IT·통신·모바일·게임>응용프로그래머>클라우드|인터넷·IT·통신·모바일·게임>응용프로그래머> JAVA|인터넷·IT·통신...
/rc/clk?jk=b6eea437d4af95fd&fccid=2ad0263d9226f7a5&vjs=3,[더블유게임즈 자회사] 기획/디자인/개발/데이터분석,서울 강남구,,인터넷·IT·통신·모바일·게임>응용프로그래머>C·C++|인터넷·IT·통신·모바일·게임>응용프로그래머> JAVA|인터넷·IT·통신·모바일·게임>응용프로그래머>C#|인터넷·IT·통신·모바일·게임>응용프로그래머>Objective-C...
/rc/clk?jk=c4145dce440c02f8&fccid=282d63dcd74d554d&vjs=3,[전문연구요원 신규편입/전직] SW Engineer/Backend/Frontend 개발자,서울 서초구,,통신·모바일·게임>웹프로그래머>HTML·DHTML·mHTML|인터넷·IT·통신·모바일·게임>웹프로그래머> JAVA|인터넷·IT·통신·모바일·게임>웹프로그래머>백엔드|인터넷·IT·통신·모바일·게임>웹프로그래머>프론트엔드|인터넷...
